reference,drug,lombardo_row
"S. D. Undevia, L. Janisch, R. L. Schilsky, D. Loury, S. Balasubramanian, C. Mani, M. Sirisawad, J. J. Buggy, R. A. Miller, M. J. Ratain. Phase I study of the safety, pharmacokinetics (PK) and pharmacodynamics (PD) of the histone deacetylase inhibitor (HDACi) PCI-24781. J. Clin. Oncol. 26, no. 90150 (May 2008) abstract 14514. http://ascopubs.org/doi/abs/10.1200/jco.2008.26.90150.14514. Accessed December 17 2016",Abexinostat,23
"Putter J, Keup U, Krause HP, Muller L, and Weber H (1982) Pharmacokinetics of acarbose. Int. Congr. Ser. 594: 38-48",Acarbose,26
"Roux A, Flouvat B, Chau NP, Letac B, and Lucsko M (1980) Pharmacokinetics of acebutalol after intravenous bolus administration. Br. J. Clin. Pharmacol. 9: 215-217",Acebutolol,27
"Toro-Goyco E, Martin BR, and Harris LS (1980) Binding of 1-alpha-acetylmethadol and its metabolites to blood constituents. Biochem. Pharmacol. 29: 1897-1902","Acetylmethadol, L-",33
"Guinebault P, Colafranceschi C, Bianchetti G, Thenot JP, Maillard D, Thiercelin JF, Larribaud J, and Morselli PL (1984) Absolute bioavailability of alfuzosin, a new α1-​post synaptic receptor antagonist, after oral and intravenous administration. Biopharm. Pharmacokinet. 2nd European Congress 2: 578-583",Alfuzosin,51
"R. E. Heckner. Systematic study of protein binding of biologically active substances. Pharmatherapeutica, 1973, 2, 177-186",Alinidine,52
"Elion GB, Kovensky A, Hitchings GH, Metz E, and Rundles RW (1966) Metabolic studies of allopurinol, an inhibitor of xanthine oxidase. Biochem. Pharmacol. 15: 863-889",Allopurinol,54
"F. BRESSOLLE, J. BRES and M. SNOUSSI. High-performance liquid chromatographic determination of a new benzamide in biological fluids for use in a human pharmacokinetic study. Journal of Chromatography, Biomedical Applications 1985 343, 443-448",Alpiropride,60
"Schentag J J et al. Pharmacokinetics of Amifloxacin After Oral and Intravenous Administration. Review of infectious diseases. 1989 11, suppl 5",Amifloxacin,68
"McNicol GP, Fletcher AP, Alkjaersig N, and Sherry S (1962) The absorption, distribution, and excretion of e-aminocaproic acid following oral or intravenous administration to man. J. Lab Clin. Med. 59: 15-24","Aminohexanoic acid, 6-",72
"Way EL, Smith PK, Howie DL, Weiss R, and Swanson R (1948) The absorption, distribution, excretion, and fate of para-aminosalicylic acid. J. Pharmacol. Exp. Ther. 93: 368-382","Aminosalicylic acid, 5-",74
"Kirsten R, Nelson K, Kirsten D, and Heintz B (1998) Clinical pharmacokinetics of vasodilators. Part I. Clin. Pharmacokinet. 34: 457-482",Amlodipine,78
Bergan T (1984) Pharmacokinetics of beta-lactam antibiotics. Scand. J. Infect. Dis. 42(Suppl): 83-98,Amoxicillin,81
"Angagard E, Gunne LM, Jonsson LE and Niklasson F (1970) Pharmacokinetics and clinical studies on amphetamine dependent subjects. Eur. J. Clin. Pharmacol. 3: 3-11",Amphetamine (-d),83
Bergan T (1984) Pharmacokinetics of beta-lactam antibiotics. Scand. J. Infect. Dis. 42(Suppl): 83-98,Ampicillin,85
"Koprda V, Trnovec T, and Landmann H (1986) The binding of amrinone to plasma proteins. Pharmazie 41: 300-301",Amrinone,86
"Oertel, Reinhard; Richter, K. Plasma protein binding of the local anesthetic drug articaine and its metabolite articainic acid. Pharmazie, 1998, 53, 646-647",Articaine,105
"Yang, Zhenghong; Wu, Chuang. Absolute bioavailability of synthetic asarone in healthy volunteers. Zhongguo Yiyuan Yaoxue Zazhi (1997), 17(4), 165-167",Asarone,106
"Zetler, G. Seidel, G., Siegers, G-P, Iven. H. Pharmacokinetics of ascorbic acid in man. Eur. J. Clin. Pharmacol. 1976, 10, 273-282",Ascorbic acid,107
"F. KEES, K. G. NABER, H. GROBECKER. In-vitro-Aktivitat von Aspoxicillin und Pharmakokinetik bei Probanden. Zeitschrift fuer Antimikrobielle und Antineoplastische Chemotherapie, 1987, 5, 53-60",Aspoxicillin,109
"Xu, Duo; Liu, Mei; Yang, Bo; Yin, Qiong-yu; Lu, Yu. Determination of protein-​binding rate of adenosine and astragaloside IV in Anchuanshu pills in human plasma by LC-​MS​/MS. Zhongnan Yaoxue, 2016, 14, 282-285",Astragaloside IV,110
Henry JA and Mitchell SN (1981) Effect of pH on human plasma protein binding of a series of .beta.-adrenoceptor antagonists. Br. J. Clin. Pharmacol. 11: 119P-120P,Atenolol,113
"Gikalov I, Kaufmann R, and Schuster O (1982) Humanpharmakokinetik verschiedener i.v. dosen von azapropazon (HPLC-bestimmung). Arzn. Forsch. 32: 423-426",Azapropazone,125
"Weliky I, Howard JR, and Wichmann JK (1990) Absolute bioavailability and pharmacokinetics of azelastine. Pharm. Res. 7: S-247",Azelastine,127
"Haen E, Remien J, Richter E, Frank U, and Adam D (1985) Uber die bedeutung der applikationsgeschwindigkeit fur die pharmakokinetischen parameter von azlocillin und mexlocillin. Arz. Forsch. 35: 864-868",Azlocillin,130
Bergan T (1984) Pharmacokinetics of beta-lactam antibiotics. Scand. J. Infect. Dis. 42(Suppl): 83-98,Azlocillin,130
"U Lassen, LR Molife, M Sorensen, S-A Engelholm, L Vidal, R Sinha, RT Penson, P Buhl-Jensen, E Crowley, J Tjornelund, P Knoblauch, JS de Bono. Phase I trial of belinostat with carboplatin and/or paclitaxel. British Journal of Cancer (2010) 103, 12 – 17",Belinostat,142
"Chasseaud LF, Catanese B. Pharmacokinetics of benzydamine. Int J Tissue React. 1985, 7, 195-204",Benzydamine,145
Saito A (1991) Pharmacokinetics of panipenem/betamipron. Chemotherapy (Tokyo) 39(Suppl. 3): 227-235,Betamipron,149
Henry JA and Mitchell SN (1981) Effect of pH on human plasma protein binding of a series of .beta.-adrenoceptor antagonists. Br. J. Clin. Pharmacol. 11: 119P-120P,Betaxolol,150
"Ichikawa M, Haruki S, Esumi Y, Takaichi M, Seki H, and Shiina M (1992) Metabolic fate of bevantolol hydrochloride. Absorption, distribution and excretion in rats and dogs after single oral administration. Yakuri to Chiryo 20: 1695-1708",Bevantolol,151
"Shiba K, Maezawa H, Yoshida M, Sakai O, and Saito A (1994) Basic and clinical studies of biapenem. Chemotherapy 42(Suppl. 4): 322-329",Biapenem,153
"Yamashita N, Kawashima K, Nomura K, Takeuchi H, Hikida M, and Naruke T (1994) Pharmacokinetics of biapenem in laboratory animals. Chemotherapy 42(Suppl. 4): 243-250",Biapenem,153
"Fourtillian JB, Brisson AM, Girault J, Ingrand I, Decourt JP, Drieu K, Jouenne P, and Biber A (1995) Proprietes pharmaccinetiques du bilobalide et des ginkgolides A et B chez le sujet sain apres administrations intraveineuses et orales d'extrait de Ginkgo biolba (EGb 761). Therapie 50: 137-144",Bilobalide,156
"Nakashima E, Yokogawa K, Ichimura F, Kurata K, Kido H, Yamaguchi N, and Yamana T (1987) A physiologically based pharmacokinetic model for biperiden in animals and its extrapolation to humans. Chem. Pharm. Bull. 35: 718-725",Biperiden,160
"CHA IDong, WANG Rui, BA INan, CA IYun LIANG B ei- bei. Pharmacokinetics of bivalirudin injections in Chinese healthy volunteers. Chin. J. Clin Pharmacol. 2011, 27, 280-282",Bivalirudin,164
Raaflaub VJ and Speiser-Courvoisier J (1974) Zur pharmakokinetik von bromazepam beim menschen. Arz. Forsch. 24: 1841-1844,Bromazepam,173
"Lucek RW and Coutinho CB (1976) The role of substituents in the hydrophobic binding of the 1,4-benzodiazepines by human plasma proteins. Molec. Pharmacol. 12: 612-619",Bromazepam,173
"Piotrovskii, V. K.; Blagodatskikh, S. V.; Ryabokon, O. S.; Metelitsa, V. I.; Smirnov, V. K.; Gorshkov, V. A.; Mazur, N. A.; Pryanishnikova, N. T. Clinical pharmacokinetics of pyromecaine. I. Single intravenous administration Khimiko-Farmatsevticheskii Zhurnal (1983), 17(12), 1427-32",Bumecaine,182
"Morishita N, Tomono Y, Hasegawa J, and Heuer HJ (1993) Single dose crossover study to evaluate the absolute bioavailability of a sustained-release formulation of bunazosin (E1015) in healthy male volunteers. Drug Invest. 6: 5-9",Bunazosin,184
"Yamato C, Takahashi T, Tadano K, Kinoshita K, and Fujita T (1985) The metabolic fate of bunazosin hydrochloride (2). Studies on the transfer to fetus and milk, plasma protein binding, tissue accumulation and effect on drug-metabolizing enzymes. Oyo Yakuri 30: 257-265",Bunazosin,184
Elkader A and Sproule B (2005) Buprenorphine: clinical pharmacokinetics in the treatment of opioid dependence. Clin. pharmacokinet. 44: 661-680,Buprenorphine,186
"Phase I Trial of Buthionine Sulfoximine in Combination With Melphalan in Patients With Cancer. Peter J. O'Dwyer, Thomas C. Hamilton, Frank P. LaCreta, James M. Gallo, Deborah Kilpatrick, Theresa Halbherr, James Brennan, Michael A. Bookman, John Hoffman, Robert C. Young, Robert L. Comis, and Robert F. Ozols. J. Clin. Oncol. 1996,14:249-256",Buthionine sulfoximine,188
"Lintz, W.; Berger, W.; Aenishaenslin, W.; Kutova, V.; Baerlocher, Ch.; Kapp, J. P.; Beckmann, R. Butylbiguanide concentration in plasma, liver, and intestine after intravenous and oral administration to man. Eur. J. Clin. Pharmacol. (1974), 7(6), 433-48",Butylbiguanide,190
"Men, Lei; Lin, Hong-li; Shao, Yan-jie; Zhao, Yun-li; Zhao, Xing; Tang, Xing; Yu, Zhi-guo. Determination of human plasma protein binding rate of cabazitaxel by UPLC-​MS​/MS. Zhongguo Xinyao Yu Linchuang Zazhi, 2014, 33, 379-383. Data from abstract and using mid-concentration range. 2-fold lower at high concentration range (fu 0.12) but similar at low concentration. Taken from abstract in English",Cabazitaxel,191
"Pharmacokinetics of caderofloxacin hydrochloride after intravenous infusion in healthy volunteers. WANG Yuan-yuan，ZHANG Jing，ZHANG Deng-shan，ZOU Ying，LIU Guang-yu. Chinese Journal of New Drugs 2011, 20( 23) 2377-2380",Caderofloxacin,192
"Duchin KL, Singhvi SM, Willard DA, Migdalof BH, McKinstry DM (1982) Captopril kinetics. Clin. Pharmacol. Ther. 31: 452-458",Captopril,202
Bergan T (1984) Pharmacokinetics of beta-lactam antibiotics. Scand. J. Infect. Dis. 42(Suppl): 83-98,Carbenicillin,204
"Elferink F, van der Vijgh WJ, Klein I, Vermorken JB, Gall HE, and Pinedo HM (1987) Pharmacokinetics of carboplatin after i.v. administration. Cancer Treatment Rep. 71: 1231-1237",Carboplatin,205
"A del Cuvillo, J Mullol, J Bartra, I Dávila, I Jáuregui, J Montoro, J Sastre, AL Valero. Comparative pharmacology of the H1 antihistamines. J Investig Allergol Clin Immunol 2006, 16, Suppl. 1:3-12",Carebastine,206
"Weidekamm E, Kronenberger D, Portmann R, Stoeckel K, Egger HJ, and Dubach UC (1985) Single dose pharmacokinetics and absolute bioavailability of the new monocyclic .beta.-lactam carumonam (Ro 17-2301, AMA-1080). Recent Adv. Chemother., Proc. 14th Int. Congr. Chemother. (Antimicrobial Sect. 2), 1335-1336",Carumonam,213
"Kita Y, Fugono T, and Imada A (1987) Pharmacokinetics of carumonam in experimental animals. Chemotherapy 35(Suppl. 2): 187-197",Carumonam,213
"Aratani H, Kono S, Tateishi H, Negita S, and Yamanaka Y (1980) Pharmacological studies on cefadroxil. II. Pharmacokinetics. Chemotherapy 28(Suppl. 2): 75-82",Cefadroxil,220
"Leroy A, Fillastre JP, Oksenhendler G, and Humbert G (1977) Pharmacokinetics of cefamandole in normal subjects and in uraemic patients. Drugs Exptl. Clin. Res. 3: 51-59",Cefamandole,221
Bergan T (1984) Pharmacokinetics of beta-lactam antibiotics. Scand. J. Infect. Dis. 42(Suppl): 83-98,Cefamandole,221
Bergan T (1984) Pharmacokinetics of beta-lactam antibiotics. Scand. J. Infect. Dis. 42(Suppl): 83-98,Cefatrizine,222
"Pharmacokinetic study of cefazedone sodium given by intravenous drip infusion in healthy volunteers. Ren, Ping; Zheng, Heng; Liu, Xinxia; Yuan, Shiying; Wang, Jing; Qian, Zhenyu; Wu, Dan; Gu, Shifen; Chen, Hui Zhongguo Yaoxue Zazhi (Beijing, China) (2012), 47(4), 291-295 (Chin, Pharm. J.)",Cefazedone,223
"Bergan T (1977) Comparatve pharmacokinetics of cefazolin, cephalothin, cephacetril, and cephapirine after intravenous administration. Chemother. 23: 389-404",Cefazolin,224
"Akiyama K. et al. Pharmacokinetics on cefclidin in patients with liver insufficiency. Chemother. (Tokyo) 1997, 40, 678-682",Cefclidin,227
"MASAHIRO KONDO, YUMIKO NOJI and KANJI TSUCHIYA. Binding of cefmenoxime (SCE-1365) to human serum proteins. Chemother. (Tokyo) 1981, 29 (S-1) 200-205",Cefmenoxime,231
"Scaglione F, Demartini G, Arcidiacono MM, Dugnani S, and Fraschini F (1997) Serum protein binding and extravascular diffusion of cefodizime and ceftriaxone. An in vivo study. Clin. Drug Inv. 14: 211-216",Cefodizime,233
"Qiu et al. Cefoselis, Chin J Clin Pharmacol. 2009, 25, 207-210",Cefoselis,237
"Esmieu F, Guilbert J, Rosenkilde HC, Ho I, LeGo A (1980) Pharmacokinetics of cefotaxime in normal human volunteers. J. Antimic. Chemother. 6(suppl A): 83-92",Cefotaxime,238
"Shiba, K; Hori, S; Yoshida, M; Shimada, J; Saito, A; Sakai, O. Fundamental and clinical investigation of cefozopran. Chemotherapy (Tokyo) (1993), 41(Suppl. 4), 187-194.",Cefozopran,242
"Tabata S, Shimura T, Maeda T, Hayashi S, Kobayashi I, and Saito A (1991) Protein binding of cefpirome sulfate in man and animals and its displacing effect on bilirubin bound to human serum albumin. Chemotherapy 39(Suppl. 1): 109-114",Cefpirome,245
"Yamasaku F and Suzuki Y (1983) Pharmacokinetics of cefotaxime, ceftizoxime and cefmenoxime in healthy volunteers after i.v. constant infusion. Chemotherapy 31: 842-850",Ceftizoxime,252
"M. TOMISAWA, I. NAKAYAMA, and A. SAITO. Antimicrobial Activity and Pharmacokinetics of L-105, a New Cephem Antibiotic Agent. RECENT ADV. CHEMOTHER.1985, Antimicr. Sect. 2, 891-892",Cefuzonam,257
"A. Dominguez-Gil , M. C. Castifieiras, J. M. Tabernero, J. L. Rodriguez Colmmes and S. de Castro. .Pharmacokinetics of Cephacetrile in Patients with Normal or Impaired Renal Function. Eur. J. Clin. Pharmacol. 1978, 13, 445-448",Cephacetrile,259
Kirby WMM and De Maine JB (1971) Pharmacokinetics of the cephalosporins in healthy volunteers and uremic patients. Postgrad. Med. J. Suppl. 47(Cephalosporin Antibiotics): 41-46,Cephalexin,260
"Brogard JM, Brandt C, Dorner M, and Dammron A (1976) Adjustment of cephaloridine (Keflodin). Dosage according to its pharmacokinetics. Chemotherapy 22: 1-11",Cephaloridine,261
Bergan T (1984) Pharmacokinetics of beta-lactam antibiotics. Scand. J. Infect. Dis. 42(Suppl): 83-98,Cephaloridine,261
"Bergan T (1977) Comparatve pharmacokinetics of cefazolin, cephalothin, cephacetril, and cephapirine after intravenous administration. Chemother. 23: 389-404",Cephalothin,262
"Kuroyama M, Kumano K, Motohashi S, Kimura T, Murase S, and Tomonaga F (1992) Protein binding of 14 cephems in healthy subjects and patients with chronic renal failure. Chemotherapy 40: 898-908",Cephalothin,262
"Bergan T (1977) Comparatve pharmacokinetics of cefazolin, cephalothin, cephacetril, and cephapirine after intravenous administration. Chemother. 23: 389-404",Cephapirin,263
Bergan T (1984) Pharmacokinetics of beta-lactam antibiotics. Scand. J. Infect. Dis. 42(Suppl): 83-98,Cephradine,264
"van Berge-Henegouwen GP, Hofmann AF. Pharmacology of chenodeoxycholic acid. II. Absorption and metabolism. Gastroenterol. 1977, 73, 300-309",Chenodeoxycholic acid,271
"Boxenbaum HG, Geitner KA, Dixon WR, Spiegel HE, Symington J, Christian R, Moore JD, Weissman L, and Kaplan SA (1977) Pharmacokinetic and biopharmaceutic profile of chlordiazepoxide HCl in healthy subjects: single-dose studies by the intravenous, intramuscular, and oral routes. J. Pharmacokinet. Biopharm. 5: 3-23",Chlordiazepoxide,275
"Neuvonen PJ, Pentikainen PJ, Jostell KG, and Syvalahti E (1981) Effect of ethanol on the pharmacokinetics of chlormethiazole in humans. Int. J. Clin. Pharmacol. Ther. Toxicol. 19: 552-560",Chlormethiazole,276
"Pentikainen PJ, Neuvonen PJ, Jostell KG (1980) Pharmacokinetics of clormethiazole in healthy volunteers and patients with cirrhosis of the liver. Eur. J. Clin. Pharmacol. 17: 275-284",Chlormethiazole,276
White NJ (1985) Clinical pharmacokinetics of antimalaria drugs. Clin. Pharmacokinet. 10: 187-215,Chloroquine,278
"Koytchev R, Alken RG, Kirkov V, Neshev G, Vagaday M, and Kunter U (1994) Absolute bioverfugbarkeit von chlorpromazin, promazin, und promethazin. Arz. Forsch. 44: 121-125",Chlorpromazine,280
"Kunin CM, Darnbush AC, and Finland M. Distribution and excretion of four tetracycline analogs in normal young men. J. Clin. Invest. 1959, 38, 1950-1963",Chlortetracycline,283
"Dieterle W, Wagner J, and Faigle JW (1976) Binding of chlorthalidone (Hygroton) to blood components in man. Eur. J. Clin. Pharmacol. 10: 37-42",Chlorthalidone,284
"Saito A. Pharmacokinetics of panipenem/betamipron. Chemotherapy 1991, 39(Suppl. 3): 227-235",Cilastatin,290
"Arancibia A, Schindler I, Paccot E, Ruiz I, Gonzalez G, Mella F, and Thambo S (1985) Pharmacicinetique de la cimetidine apres administration d'une dose unique par voie intraveineuse rapide et d'une autre par voie orale. Therapie 40: 87-92",Cimetidine,294
"ppb Fukushima, Takeshi; Nakamura, Susumu; Ito, Yutaka; Takaiti, Osasi. Studies on the protein binding of clentiazem. Yakubutsu Dotai 1992, 7, 845-852. From abstract in English. reported as ~90% bound and steady across a wide concentration range",Clentiazem,307
"Gordon RC, Regamey C, and Kirby WMM (1973) Serum protein binding of erythromycin, lincomycin, and clindamycin. J. Pharm. Sci. 62: 1074-1077",Clindamycin,310
"Clofarabine administration weekly to adult patients with advanced solid tumors in a phase I dose-finding studyJournal of Clinical Oncology, 2005 ASCO Annual Meeting Proceedings. Vol 23, No. 16S, Part I of II (June 1 Supplement), 2005: 7109. C. C. Cunningham, J. Nemunaitis, N. Senzer, S. Vukelja, D. Richards, V. Vukovic, S. Weitman",Clofarabine,312
"Ollagnier M, Pellet J, Gay JP, Lang F, Ouvry MC, and Blanchon Y (1984) Pharmacocinetique d'une dose unique de clomipramine, en intraveneuse, chez le voluntaire sain. Therapie 39: 237-245",Clomipramine,313
"Lucek RW and Coutinho CB. (1976) The role of substituents in the hydrophobic binding of the 1,4-benzodiazepines by human plasma proteins. Molec. Pharmacol. 12: 612-19",Clonazepam,314
"R.B. Walker , I. Kanfer. Pharmacokinetics of cyclizine following intravenous administration to human volunteers. Eur. J. Pharm. Sci. 1996, 4, 301-306",Cyclizine,335
"Juma FD, Rogers HJ, and Trounce JR (1979) Pharmacokinetics of cyclophosphamide and alkylating activity in man after intravenous and oral administration. Br. J. Clin. Pharmacol. 8: 209-217",Cyclophosphamide,337
"Loo TL, Housholder GE, Gerulath AH, Saunders PH, and Farquhar D (1976) Mechanism of action and pharmacology studies with DITC (NSC-45388) Canc. Treatment Rep. 60: 149-152",Dacarbazine,343
"Donald R. A. Uges, Pharm.D., Yung Jai Sohn, M.D.,* Ben Greijdanus,Arnold H. J. Scat, Ph.D., Sandor Agoston, M.D., Ph.D. 4-Aminopyridine kinetics. Clin. Pharmacol. Ther. 1982, 31, 587-593",Dalfampridine,347
Biggs JT and Levy L (1971) Binding of dapsone and monacetyldapsone by human plasma proteins. Proc. Soc. Exp. Biol. Med. 137: 692-695,Dapsone,354
"Aquilur Rahman, Anita Goodman, Wayne Foo, Jimmie Harvey, Frederick P. Smith, and Philip S. Schein. Clinical Pharmacology of Daunorubidn in Phase I Patients With Solid Tumors: Development of an Analytical Methodology for Daunorubicin and Its Metabolites. Sem. Oncol., 1984, 11, 36-44",Daunorubicin,360
"Lucek RW and Coutinho CB (1976) The role of substituents in the hydrophobic binding of the 1,4-benzodiazepines by human plasma proteins. Molec. Pharmacol. 12: 612-619",Delorazepam (Chlordesmethyldiazepam),368
"Kunin, CM, Darnbush AC, and Finland M. Distribution and excretion of four tetracycline analogs in normal young men. J. Clin. Invest. 1959, 38, 1950-63",Demethylchlortetracycline,369
"J . VISY, I. FITOS, G. MADY, M . SIMONYI AND I. KLEBOVICH. Plasma Protein Binding of Deramciclane in Different Species. Pharm. Sci. 1996, 2, 315-318",Deramciclane,372
"Lucek RW and Coutinho CB. (1976) The role of substituents in the hydrophobic binding of the 1,4-benzodiazepines by human plasma proteins. Molec. Pharmacol. 12: 612-619",Desmethyldiazepam,376
"Nichols, Alice I.; Behrle, Jessica A.; Richards, Lyette S.; Parker, Vernon D.; Posener, Joel A.; Fruncillo, Richard; Paul, Jeffrey The absolute bioavailability of desvenlafaxine in healthy subjects. Journal of Bioequivalence & Bioavailability (2012), 4(2), 18-23",Desvenlafaxine,378
"Lancon J.P.; Pechinot A.; D'athis P.; Pechinot M.; Pointaire P.; Obadia J.F.; Caillard B. Dextromoramide pharmacokinetics in surgical patients. Ann. Fr. Anesth. Reanim. 1989, 8, 488-492",Dextromoramide,387
"Lucek RW and Coutinho CB (1976) The role of substituents in the hydrophobic binding of the 1,4-benzodiazepines by human plasma proteins. Molec. Pharmacol. 12: 612-619",Diazepam,391
"Oglivie RI, Nadeau JH, and Sitar DS (1982) Diazoxide concentration-response relation in hypertension. Hypertension 4: 167-173. Kirsten R, Nelson K, Kirsten D, and Heintz B (!988) Clinical pharmacokinetics of vasodilators. Part I. Clin. Pharmacokinet. 34: 457-482",Diazoxide,392
"Leucuta SE, Rus V, Bolosiu H, Mocan A, Polinicencu C, and Bojita M (1996) Farmacocinetica diclofenacului sodic administrat in doza unica pe cale intravenosa si orala sub forma de solutie injectabilia experimentala. Farmacia 43: 43-50",Diclofenac,395
"Dittert LW, Griffen WO, LaPiana JC, Shainfeld FJ, and Doluisio JT (1969) Pharmacokinetic interpretation of penicillin levels in serum and urine after intravenous administration. Antimic. Agents Chemother. 9, 42-48",Dicloxacillin,396
Lin JH (1989) Species differences in protein binding of diflunisal. Drug Metab. Dispos. 17: 221-223,Diflunisal,401
"Ochs HR, Grube E, Greenblatt DJ, Arendt R, and Bodem G (1981) Pharmacokinetics and pharmacodynamics of intravenous digoxin and digitoxin. Klin. Wochenschr. 59: 889-897",Digitoxin,402
"Ohnhaus EE, Spring P, and Dettli L (1972) Protein binding of digoxin in human serum. Eur. J. Clin. Pharmacol. 5: 34-36",Digoxin,403
"Leroyer R, Varoquaux O, Guillebastres R, Jarreau C, Normand JP, Jaillon P, Advenier C, and Pays M (1986) Study on protein binding of 3-(R)- and 3-(S)-hydroxy derivatives of quinidine and dihydroquinidine. Therapie 41: 159-162",Dihydroquinidine,407
"Kolle EU, Ochs HR, and Vollmer KO (1983) Pharmacokinetic model of diltiazem. Arz. Forsch. 33: 972-977. Kirsten R, Nelson K, Kirsten D, and Heintz B (!988) Clinical pharmacokinetics of vasodilators. Part I. Clin. Pharmacokinet. 34: 457-482",Diltiazem,409
Zuidema J and Merkus FWHM (1981) Pharmacokinetics and pharmacodynamics of diprophylline. Pharm. Weekbl. 3: 1320-221,Diprophylline,414
"Carmaggi CM, Comparsi R, Strocchi E, Testoni F, Angelli B, and Pannuti F (1988) Epirubicin and doxorubicin comparative metabolism and pharmacokinetics. Canc. Chemother. Pharmacol. 21: 221-228",Doxorubicin,434
"Gupta, Suneel K.; Southam, Mary; Hwang, Stephen. Pharmacokinetics of droperidol in healthy volunteers following intravenous infusion and rectal administration from an osmotic drug delivery module. Pharm. Res. 1992, 9, 694-696",Droperidol,439
"Mujais SK, Quintanilla A, Zahid M, Koch K, Shaw W, and Gibson T (1992) Renal handling of enalaprilat. Am. J. Kidney Dis. 19: 121-125",Enalaprilat,457
"Carmaggi CM, Comparsi R, Strocchi E, Testoni F, Angelli B, and Pannuti F (1988) Epirubicin and doxorubicin comparative metabolism and pharmacokinetics. Canc. Chemother. Pharmacol. 21: 221-228",Epirubicin,468
"Li JT, Zheng Z, and Jin J (2000) Pharmacokinetics of epristeride in healthy male volunteers. Zhongguo Linchuang Yaolixue Zazhi 16: 424-428",Epristeride,470
"Okamura M, Kumagai M, Murasaki Y, Ohkura T, Miyamoto Y, Kawai Y, Tamura T, Takariki Y, and Tomisawa H (2001) Stereoselective pharmacokinetics of esmolol enantiomers. Yakubutsu Dotai 16: 427-435",Esmolol,483
Holdiness MR (1984) Clinical pharmacokinetics of the antituberculosis drugs. Clin. Pharmacokinet. 9: 511-544,Ethambutol,488
Reed MJ and Fotherby K (1980) Interaction of ethinyloestradiol sulphate with plasma proteins. J. Steroid Biochem. 13: 495-497,Ethinylestradiol-3-Sulfate,492
"Pfluger KH, Schmidt L, Merkel M, Jungelas H, and Havemann K (1987) Drug monitoring of etoposide (VP16-213). Canc. Chemother. Pharmacol. 20: 59-66",Etoposide,496
"Pharmacokinetics of faropenem after multiple intravenous infusion administration in Chinese healthy volunteersSU K e- jian, SUN L,i YANG Juan, LIU Jin Chinese Journal of Clinical Pharmacology, 2011, 27, 110-113",Faropenem,504
"HAN Min, CHEN Huaying, LIN Yang , ZHOU Zijie, WANG Lifeng, BAI Mei, LI Jing, WANG K. The Investigation on Pharmacokinetics of FasudilAfter a Single Dose Intravenous infusion. Chin Pharm. J. 2011, 46, 293-296",Fasudil,505
"Physiological disposition of fenoprofen in man. II. Plasma and Urine Pharmacokinetics after Oral and Intravenous Administration. Rubin, Alan; Rodda, Bruce E.; Warrick, Patricia; Ridolfo, Anthony; Gruber, Charles M. Journal of Pharmaceutical Sciences (1971), 60(12), 1797-801",Fenoprofen,508
"Physiological disposition of fenoprofen in man. III. Metabolism and protein binding of fenoprofen. Rubin, Alan; Warrick, Patricia; Wolen, Robert L.; Chernish, Stanley M.; Ridolfo, Anthony S.; Gruber, Charles M., Jr. J. Pharmacol. Exp. Ther. 1972, 183, 449-457",Fenoprofen,508
"Heel RC, Brigden RN, Speight TM, and Avery GS (1978) Fenoterol: a review of its pharmacological properties and therapeutic efficacy in asthma. Drugs 15: 3-32",Fenoterol,509
Steiner JF (1996) Clinical pharmacokinetics and pharmacodynamics of finasteride. Clin. Pharmacokinet. 30: 16-27,Finasteride,514
"Johnston A, Muhiddin KA, and Hamer J (1982) Serum protein binding of flecainide. Br. J. Clin. Pharmacol. 13: 606P",Flecainide,517
"Foulds G, Wajszczuk C, Weidler DJ, Garg DJ, and Gibson P (1988) Steady state parenteral kinetics of fluconazole in man. Ann. N.Y. Acad. Sci. 544: 427-30",Fluconazole,521
"Kangas L, Kanto J, and Pakkanen A (1982) A pharmacokinetic and pharmacodynamic study of flunitrazepam. Int. J. Clin. Pharmacol. Ther. Toxicol. 20: 585-588. Lucek RW and Coutinho CB (!976) The role of substituents in the hydrophobic binding of the 1,4-benzodiazepines by human plasma proteins. Molec. Pharmacol. 12: 612-619",Flunitrazepam,526
"Fellier, H.; Gleispach, H.; Esterbauer, H. Binding of cortisol, fluocortolone, and difluocortolone to human plasma proteins. J. Clin. Chem. Clin. Biochem. 1977, 15, 545-548",Fluocortolone,527
"Esposito M, Rosso R, and Santi L (1974) Plasma protein binding of antineoplastic drugs in rats and humans. IRCS Library Compendium 2: 1180","Fluorouracil, 5-",530
"fu from Waters et al, 2008",Fluphenazine,532
Hlavica VP and Niebch G (1985) Untersuchungen zur pharmakokinetik und biotransformation des analgetikums flupirtin beim menschen. Arz. Forsch. 35: 67-74,Flupirtine,533
"J. van Harten, F. Kok, A. Lönnebo and A. Grahnén. Pharmacokinetics of fluvoxamine after intravenous and oral administration. Eur. Neuropsychopharmacology, 1994, 4, 331",Fluvoxamine,537
"Elsborg L. Binding of Folic Acid to Human Plasma Proteins. Acta Haematol 1972,48, 207–212",Folic acid,538
Kestle DG and Kirby WMM (1970) Clinical pharmacology and in vitro activity of phosphonomycin. Antimic. Agents Chemother. 332-337 (Chem Abstr. 75:62036),Fosfomycin,546
"Markus A. Zeitlinger, Hartmut Derendorf, Johan W. Mouton, Otto Cars, William A. Craig, David Andes, and Ursula Theuretzbacher. Protein Binding: Do We Ever Learn? ANTIMICROB AGENTS CHEMOTHER., 2011, 55, 3067–3074",Fusidate sodium,554
"Vollmer KO, Anhut H, Thomann P, Wagner F, and Jahnchen D (1989) Pharmacokinetic model and absolute bioavailability of the new anticonvulsant gabapentin. Adv. Epileptol. 17: 209-211",Gabapentin,556
"M.I. Ramzan, E. J. Triggs, C. A. Clarks. Pharmacokinetics studies in man with gallamine triethiodide. Eur. J. Clin. Pharmacol. 1980, 17, 145-152",Gallamine triethiodide,567
"Eichelbaum M. Pharmakokinetik und Metabolismus von. Gallopamil. Zeitschrift ftir Kardiologie 78 (Suppl. 5): 20-24, 1989",Gallopamil,568
"Perry C, Balfour J, and Lamb H (1999) Gatifloxacin. Drugs 58: 683-698",Gatifloxacin,574
"Fourtillian JB, Brisson AM, Girault J, Ingrand I, Decourt JP, Drieu K, Jouenne P, and Biber A. Proprietes pharmaccinetiques du bilobalide et des ginkgolides A et B chez le sujet sain apres administrations intraveineuses et orales d'extrait de Ginkgo biloba (EGb 761). Therapie 1995, 50, 137-144",Ginkgolide A,583
"Fourtillian JB, Brisson AM, Girault J, Ingrand I, Decourt JP, Drieu K, Jouenne P, and Biber A (1995) Proprietes pharmaccinetiques du bilobalide et des ginkgolides A et B chez le sujet sain apres administrations intraveineuses et orales d'extrait de Ginkgo biloba (EGb 761). Therapie 50: 137-144",Ginkgolide B,584
"Protein binding ratio of Ginkgolide B in plasma Chen, Wei-dong; Liang, Yan; Xie, Lin; Wang, Lei; Wu, Yong; Wang, Dian-lei. Anhui Yiyao, 2012, 16, 154-157. From abstract in English",Ginkgolide B,584
"(from abstract in English) Xu, Shanshan; Xue, Yuehua; Tian, Ziyou; Chen, Saizhen; Wang, Zhichao; Wang, Renye. Effect of irbesartan on the plasma protein binding rate of gliclazide in vitro Zhongguo Linchuang Yaoxue Zazhi. 2013, 22, 151-155",Gliclazide,588
"Fuccella LM, Tamassia V, and Valzelli G (1973) Metabolism and kinetics of the hypoglycemic agent glipizide in man--comparison with glibenclamide. J. Clin. Pharmacol. New Drugs 13: 68-75",Glipizide,590
"Donna Mamaril-Fishman, John Zhu, Min Lin, Clive Felgate, Lori Jones, Patrick Stump,Esaie Pierre, Chester Bowen, Odin Naderer, Etienne Dumont, Parul Patel, Peter D. Gorycki, Bo Wen, Liangfu Chen, and Yanli Deng. Investigation of Metabolism and Disposition of GSK1322322, a PDF Inhibitor, in Healthy Humans Using Entero-Test® For Biliary Sampling. Drug Metab Dispos 2014 42:1314-1325",GSK1322322,600
"R. Cadórniga, E. Barcia, I. T. Molina, A. Galiano, J.A. Gutiérrez. Estudio farmacocinetico de la guanil-cisteina. Rev farmacol Clin Exp 1987, 4, 325-331",Guanylcisteine,607
Forsman A and Ohman R (1977) Studies on serum protein binding of haloperidol. Curr. Ther. Res. 21: 245-255,Haloperidol,608
"Von F. Kees, P. Pominiak und H. Grobecker. Untersuchungen zur Bioverfiigbarkeit von Heptaminol bei Probanden. Arzneim.-Forsch./Drug Res. 1987, 37, 1182-1185",Heptaminol,609
"Clinical pharmacology of homoharringtonine Savaraj N; Lu K; Dimery I; Feun L G; Burgess M; Keating M; Loo T L Cancer treatment reports (1986), 70(12), 1403-7",Homoharringtonine,612
"Kirsten R, Nelson K, Kirsten D, and Heintz B (1998) Clinical pharmacokinetics of vasodilators. Part I. Clin. Pharmacokinet. 34: 457-482",Hydralazine,613
"LI Su, ZHANG Li, GUANG Zhong-zhen, ZHAN Jing, LI Yu-yan , JIANG Wen-qi. Absolute bioavailability of hydroxycamptothecin tablets in cancer patients. Chin. J. Clin. Pharmacol. 2005, 22, 46-49.(written in Chinese)","Hydroxycamptothecin, 10-",617
"Leroyer R, Varoquaux O, Guillebastres R, Jarreau C, Normand JP, Jaillon P, Advenier C, and Pays M (1986) Study on protein binding of 3-(R)- and 3-(S)-hydroxy derivatives of quinidine and dihydroquinidine. Therapie 41: 159-162","Hydroxydihydroquinidine, 3(S)-",620
"Szathmary, S.C.; Seiler, K.U.; Luhmann, I.; Huss, H.J. Pharmacokinetic behavior and absolute bioavailability of hydroxypropyl-beta-cyclodextrin after increasing doses in volunteers. Cyclodextrins : 5th International symposium : Papers, 1990, 535-540","hydroxypropyl cyclodextrin,β-",623
"Wang, Jianming; Zou, Tian; Zhang, Yuanyuan; Fan, Ning. Study on plasma protein-​binding rate of hydroxysafflor yellow A in safflor yellow powder injection. Zhongchengyao (2011), 33(6), 947-949. Data from abstract in English",Hydroxysafflor yellow A,624
"Jungbluth GL, Della-Coletta ASA, and VanderLugt JT (1991) Evaluation of the pharmacokinetics and pharmacodynamics of ibutilide fumarate and its enantiomers in healthy male volunteers. Pharm. Res. 8: S-249",Ibutilide,631
Howard PA (1999) Ibutilide: an antiarrythmic agent for the treatment of atrial fibrillation or flutter. Ann Pharmacother. 33: 38-47,Ibutilide,631
"H. Maier-Lenz, L. Ringelski, A. Windhorfer zur.Pharmakokinetik nnd Bioverfiigba1·keit des Myotonolytikums N-(Hydroxy-2-athyl)-cinnarnid. Arzneim.-Forsch. 1980, 30, 1813-1816",Idrocilamide,635
"Jing Yang,ChengtaoLu,WeiSong,JiankangLi,YiDing,YanrongZhu,JinyiCao, Likun Ding, YanyanJia, AidongWenn. Determination of ifenprodil by LC–MS/MS and its application to a pharmacokinetic study in healthy Chinese volunteers. Acta Pharm. Sin.B, 2013, 3, 180-184",Ifenprodil,638
Saito A (1991) Pharmacokinetics of panipenem/betamipron. Chemotherapy 39(Suppl. 3): 227-235,Imipenem,645
Bergan T (1984) Pharmacokinetics of beta-lactam antibiotics. Scand. J. Infect. Dis. 42(Suppl): 83-98,Imipenem,645
"Tamassia, V.; Corvi, G.; Moro, E.; Tosolini, G. P.; Fuccella, L. M. Pharmacokinetics and bioavailability of indoprofen in man. Eur. J. Clin. Pharmacol. (1976), 10(3-4), 257-62",Indoprofen,654
"Ann-Catrine Teger-Nilsson, Ulf Eriksson, DaVid Gustafsson, Ruth Bylund, Gunnar Fager, Peter Held. Phase I Studies on Inogatran, a New Selective Thrombin Inhibitor. JCC Feb 1995 abstract 931-115 p. 117A, : doi:10.1016/0735-1097(95)91943-R Accessed May 8 2013",Inogatran,657
"McKinstry DN, Rommel AJ, and Sugerman AA (1984) Pharmacokinetics, metabolism, and excretion of iopamidol in healthy subjects. Invest. Radiol. 19: s171-s174",Iopamidol,663
"Mutzel W; Press W R; Weinmann H J. Physicochemical properties and general pharmacology of the nonionic dimer iotrolan. Fortschritte auf dem Gebiete der Rontgenstrahlen und der Nuklearmedizin. Erganzungsband. 1989, 128, 28-32",Iotrolan,667
"Advenier C, St.Aubin A, Gobert C, Houin G, Albengres E, and Tillement JP (1980) Pharmacokinetics of isoniazid in the elderly. Br. J. Clin. Pharmacol. 10: 167-169",Isoniazide,676
"Platzer R, Reutemann G, and Galeazzi RL (1982) Pharmacokinetics of intravenous isosorbide dinitrate. J. Pharmacokinet. Biopharm. 10: 575-586",Isosorbide Dinitrate,678
"Kirsten R, Nelson K, Kirsten D, and Heintz B (1988) Clinical pharmacokinetics of vasodilators. Part I. Clin. Pharmacokinet. 34: 457-482",Isradipine,682
"Dayton PG, Stiller RL, Cook DR, and Perel JM (1983) The binding of ketamine to plasma proteins: emphasis on human plasma. Eur. J. Clin. Pharmacol. 24: 825-831",Ketamine,690
"Reed MD, Myers CM, and Blumer JL (2001) Influence of midazolam on the protein binding of ketorolac. Curr. Ther. Res. 62: 558-565",Ketorolac,694
"Biollaz, J.; Stahl, E.; Hsieh, J. Y.; Distlerath, L.; Jaeger, A.; Leuenberger, P.; Schelling, J. L.. Tolerability and pharmacokinetics of L 648051. A leukotriene D4-receptor antagonist, in healthy volunteers. Eur. J. Clin. Pharmacol. (1988), 33(6), 603-607",L-648051,701
"Takubo T, Hirayama S, Moriya T, Minamide Y, Kato T, Nakamura R, and Kinami J (1997) Studies on the metabolic fate of lamivudine (II): tissue distribution, transfer into fetus and milk, plasma protein binding and distribution to erythrocytes of lamivudine in rats. Yakubutsu Dotai 12: 92-101",Lamivudine,708
"Hermann, R.; Niebch, G.; Borbe, H. O.; Fieger-Bueschges, H.; Ruus, P.; Nowak, H.; Riethmueller-Winzen, H.; Peukert, M.; Blume, H. Enantioselective pharmacokinetics and bioavailability of different racemic α-lipoic acid formulations in healthy volunteers. European Journal of Pharmaceutical Sciences (1996), 4(3), 167-174","Lipoic acid, R(+)-α",739
"Hermann, R.; Niebch, G.; Borbe, H. O.; Fieger-Bueschges, H.; Ruus, P.; Nowak, H.; Riethmueller-Winzen, H.; Peukert, M.; Blume, H. Enantioselective pharmacokinetics and bioavailability of different racemic α-lipoic acid formulations in healthy volunteers. European Journal of Pharmaceutical Sciences (1996), 4(3), 167-174","Lipoic acid, S(-)-α",740
"Kirsten R, Nelson K, Kirsten D, and Heintz B (1988) Clinical pharmacokinetics of vasodilators. Part I. Clin. Pharmacokinet. 34: 457-482",Lisinopril,743
"Determination of lomefloxacin in human plasma by HPLC and its pharmacokinetics of intravenous infusion Liu, Xiaodong; Xie, Lin; Zhong, Bing; Xu, Bingchuan; Xu, Qun; Liu, Guoqing Chin. Pharmacol. Bull. (1996), 12(1), 26-29",Lomefloxacin,745
"Klotz U, Mueller-Seydlitz P, and Heimburg P (1978) Pharmacokinetics of lorcainide in man: a new antiarrhythmic agent. Clin. Pharmacokinet. 3: 407-418",Lorcainide,749
"Humpel M, Illi V, Milius W, Wendt H, and Kurowski M (1979) The pharmacokinetics and biotransformation of the new benzodiazepine lormetazepam in humans. Eur. J. Drug Metab. Pharmacokinet. 4: 237-243",Lormetazepam,750
"Kirsten R, Nelson K, Kirsten D, and Heintz B (1988) Clinical pharmacokinetics of vasodilators. Part I. Clin. Pharmacokinet. 34: 457-482",Losartan,751
"Pharmacokinetics, metabolism, and excretion of the GSK-3 inhibitor LY2090314 in rats, dogs, and humans: A case study in rapid clearance by extensive metabolism with low circulating metabolite exposures. Maciej J. Zamek-Gliszczynski, Trent L. Abraham, Jeffrey J. Alberts, Palaniappan Kulanthaivel, Kimberley A. Jackson, Kay H. Chow, Denis J. McCann, Haitao Hu, Shelby Anderson, Nathan A. Furr, Robert J. Barbuch, and Kenneth C. Cassidy. Drug Metabolism & Disposition (2013), 41(4), 714-726",LY2090314,758
"Cardinali DP, Lynch HJ, Wurtman RJ. Binding of melatonin to human and rat plasma proteins. Endocrinol. 1972, 91, 1213-1218",Melatonin,772
"Turck D, Busch U, Heinzel G, and Narjes H (1997) Clinical pharmacokinetics of meloxicam. Arz. Forsch. 47: 253-258",Meloxicam,773
"Schmid J, Busch U, Heinzel G, Bozler G, Kaschke S, and Kummer M (1995) Meloxicam. Pharmacokinetics and metabolic pattern after intravenous infusion and oral administration to healthy subjects. Drug Metab. Dispos. 23: 1206-1213",Meloxicam,773
"Grieg NH, Sweeney DJ, and Rapoport SI (1987) Melphalan concentration dependent protein binding in healthy humans and rats. Eur. J. Clin. Pharmacol. 32: 179-185",Melphalan,775
Held H and Oldershausen HF (1969) Zur pharmakokinetik von meprobamat bei chronischen hepatopathien und arzneimittelsucht. Klin. Wschr. 47: 78-80,Meprobamate,781
"Douglas JF, Bradshaw WH, Ludwig BJ, and Powers D (1964) Interaction of plasma protein with related 1,3-propanediol dicarbamates. Biochem. Pharmacol. 13: 537-539",Meprobamate,781
"Coffey JJ, White CA, Lesk AB, Rogers WI, and Seppick AA (1972) Effect of allopurinol on the pharmacokinetics of 6-mercaptopurine (NSC 755) in cancer patients. Cancer Res. 32: 1283-1289","Mercaptopurine, 6-",783
"Esposito M, Rosso R, and Santi L (1974) Plasma protein binding of antineoplastic drugs in rats and humans. IRCS Library Compendium 2: 1180","Mercaptopurine, 6-",783
"Sumita Y, Nouda H, Tada E, Kohzuki T, Kato M, Okuda T, and Fukasawa M (1992) Pharmacokinetics of meropenem, a new carbapenem antibiotic, parenterally administrated to laboratory animals. Chemotherapy 40(Suppl. 1): 123-131",Meropenem,784
"LU Yuan，KANG Zisheng，LIU Yan，LI Tianyun and XIAO Yonghong. Pharmacokinetics of metadoxine for inj ection after repeated doses in healthy volunteers. Chin. Med. J. 2007, 120, 166-168",Metadoxine,786
"Heckner, R.M. Systematic study of protein binding of biologically active substances. Pharmather. 1979, 2, 177-186",Metaproterenol,787
"Mendelson J, Jones RT, Upton R, and Jacob P (1995) Methamphetamine and ethanol interactions in humans. Clin. Pharmacol. Ther. 57: 559-568",Methamphetamine,792
"Dittert LW, Griffen WO, LaPiana JC, Shainfeld FJ, and Doluisio JT (1969) Pharmacokinetic interpretation of penicillin levels in serum and urine after intravenous administration. Antimic. Agents Chemother. 9, 42-48",Methicillin,793
Bergan T (1984) Pharmacokinetics of beta-lactam antibiotics. Scand. J. Infect. Dis. 42(Suppl): 83-98,Methicillin,793
"Brand L, Mark LC, Snell MM, Vrindten P, and Dayton PG (1963) Physiologic disposition of methohexital in man. Anesthesiol. 24: 331-335",Methohexital,795
"Herman RA, Veng-Pedersen P, Hoffman J, Koehnke R, and Furst DE (1989) Pharmacokinetics of low-dose methotrexate in rheumatoid arthritis patients. J. Pharm. Sci. 78: 165-171",Methotrexate,796
"Esposito M, Rosso R, and Santi L (1974) Plasma protein binding of antineoplastic drugs in rats and humans. IRCS Library Compendium 2: 1180",Methotrexate,796
"Billard, Valerie; Gambus, Pedrol L.; Barr, Juliana; Minto, Charles F.; Corash, Laurence; Tessman, John W.; Stickney, Janice L.; Shafer, Steven L. The pharmacokinetics of 8-methoxypsoralen following i.v. administration in humans Br. J. Clin. Pharmacol. 1995, 40, 347-360","Methoxypsoralen,8-",797
"Stenbaek O, Myhre E, Rugstag HE, Arnold E, and Hansen T (1977) Pharmacokinetics of methyldopa in healthy man. Eur. J. Clin. Pharmacol. 12: 117-123",Methyldopa,798
"Myhre E, Rugstad HE, and Hansen T (1982) Clinical pharmacokinetics of methyldopa. Clin. Pharmacokinet. 7: 221-233",Methyldopa,798
"A.N.J.A. de Groot, T.B. Vree, Y.A. Hekster, M. van den Biggelaar-Martea, P.W.I. van Dongen, I. van Roosmalen. Variation in Bioavailability of Oral Methylergometrine in Healthy Male Volunteers. Drug Invest., 1994, 8, 345-351",Methylergometrine,799
"GAILLOT J , LE ROUX Y, COURNOT A. , DUCHIER J. , FRYDMAN A. PHARMACOKINETICS OF HETOPIMAZINE AFTER SINGLE AND REPEATED ORAL ADMINISTRATION IN YOUNG HEALTHY SUBJECTS",Metopimazine,808
Bergan T (1984) Pharmacokinetics of beta-lactam antibiotics. Scand. J. Infect. Dis. 42(Suppl): 83-98,Mezlocillin,813
"Shami, Munzir; Elliott, Henry L.; Kelman, Andrew W.; Whiting, Brian The pharmacokinetics of mianserin. British Journal of Clinical Pharmacology (1983), 15(Suppl. 2), 313-22",Mianserin,814
"P. J. Lewi , J. Boelaert, R. Daneels, R. De Meyere, H. Van Landuyt, J. J. P. Heykants. Pharmacokinetic profile of intravenous miconazole in man. Comparison of Normal Subjects and Patients with Renal Insufficiency. Eur. J. Clin. Pharmacol. 1976, 10, 49-54",Miconazole,818
"Puozzo C.; Rostin, N. Montastruc JL, Hoin G. Absolute bioavailability study of midalcipran (F2207) in volunteers.Proc. - Eur. Congr. Biopharm. Pharmacokinet., 3rd, Aiache JM, Hirtz J. Clermont-Ferrand, 1987, 59-63",Milnacipran,826
"Simon VC, Malerczyk V, Preuss I, Schmidt K, and Grahman H (1976) In vitro aktivitat und pharmakokinetik von minocyclin. Arz. Forsch. 26: 556-560",Minocycline,828
"Hashimoto, T. FUNDAMENTAL STUDIES ON PHARMACOKINETICS OF ANTIBIOTICS. PART 1. BINDING OF ANTIBIOTICS TO PLASMA PROTEINS. Chemotherapy (Tokyo). 1973, 21, 38-44",Minocycline,828
Voortman G and Paanakker JE (1995) Bioavailability of mirtazepine from Remeron tablets after single and multiple oral dosing. Human Psychopharmacol. 10: s83-s96,Mirtazapine,832
Scott LJ and Figgitt DP (2004) Mitoxantrone: a review of its use in multiple sclerosis. CNS Drugs 18: 379-396,Mitoxantrone,834
"Aitkenhead AR, Vater M, Achola K, Cooper MS, and Smith G (1984) Pharmacokinetics of single-dse I.V. morphine in normal volunteers and patients with end-stage renal disease. Br. J. Anaesth. 56: 813-819",Morphine,843
"Schaefer HG, Toublanc N, and Weimann HJ (1998) The pharmacokinetics of moxonidine. Rev. Contemp. Pharmacother. 9: 481-490",Moxonidine,847
Bergan T (1984) Pharmacokinetics of beta-lactam antibiotics. Scand. J. Infect. Dis. 42(Suppl): 83-98,Nafcillin,852
"Tadakiyo SUZUKI. Hiroto MIYANAGA. Fumio SAKAMOTO Jun-ichi KATAYAMA, Yasuhisa AUACHI. Drug lnteraction in Human Plasma Protein Blnding of Naftopidil (KT-611). Iyakuhin Kenkyu 1999 30(9):435",Naftopidil,853
"RYUICHIRO NISHIGAKI, KOSHIRO UMEMURA, KIYOSHI OKUI, TOSHIHIRO HAYASHI, TERUO YAMAMOTO, and YUJI SAKURAI. The Pharmacokinetical Analysis of the Fate of Naphtidrofuryl Oxalate (LS121) in Human Subjects. I. Single Intravenous Infusion and Multiple Intravenous Infusion. YAKUGAKU ZASSHI, 106(10)906-915(1986)",Naphtidrofuryl oxalate,858
"David R Goldsmith, Keri Wellington. Naphtidofuryl. Drugs and Aging, 2005, 22, 967-977",Naphtidrofuryl oxalate,858
"M.V. Calvo, J.V. Lanao, A. Dominguez-Gil. Bioavailability of rectally administered naproxen. In. J. Pharm. 1987, 38, 117-122",Naproxen,859
"Kirsten R, Nelson K, Kirsten D, and Heintz B (1998) Clinical pharmacokinetics of vasodilators. Part I. Clin. Pharmacokinet. 34: 457-482",Nicardipine,881
"Benowitz NL, Jacob P, Jones RT, and Rosenberg J (1982) Interindividual variability in the metabolism and cardiovascular effects of nicotine in man. J. Pharmacol. Exp. Ther. 221: 368-372",Nicotine,883
"Ramsch KD, Graefe KH, Scherline D, Sommer J, and Ziegler R (1986) Pharmacokinetics and metabolism of calcium-blocking agents nifedipine, nitrendipine, and nimodipine. Am. J. Nephrol. 6(Suppl 1): 73-80",Nifedipine,884
"ZHANG Heng, WANG Ben-jie, GUO Rui-chen. Pharmacokinetics of Nifekalant Hydrochloride in Chinese Healthy Volunteers. Chin Pharm J，2009, 44, 136-140",Nifekalant,885
"Haruaki Nakaya and Hiroko Uemura, Electropharmacology of Nifekalant, a New Class III Antiarrhythmic Drug. Cardiovascular Drug Reviews, 1998, 16, 133-144",Nifekalant,885
"Ramsch KD, Graefe KH, Scherline D, Sommer J, and Ziegler R (1986) Pharmacokinetics and metabolism of calcium-blocking agents nifedipine, nitrendipine, and nimodipine. Am. J. Nephrol. 6(Suppl 1): 73-80",Nimodipine,886
"Jochemsen R, VanBeusekom BR, Spoelstra P, Janssens AR, and Breimer DD (1983) Effect of age and liver cirrhosis on the pharmacokinetics of nitrazepam. Br. J. Clin. Pharmacol. 15: 295-302",Nitrazepam,889
"Jochemsen R, Hogendoorn JJH, Dingemanse J, Hermans J, Boeijinga JK, and Breimer DD (1982) Pharmacokinetics and bioavailability of intravenous, oral, and rectal nitrazepam in humans. J. Pharmacokinet. Biopharm. 10: 231-245",Nitrazepam,889
"Ramsch KD, Graefe KH, Scherline D, Sommer J, and Ziegler R (1986) Pharmacokinetics and metabolism of calcium-blocking agents nifedipine, nitrendipine, and nimodipine. Am. J. Nephrol. 6(Suppl 1): 73-80",Nitrendipine,890
Mannisto PT and Lamminsivu U (1982) Nitrofurantoin is highly bound to plasma protein. J. Antimic. Chemother. 9: 327-328,Nitrofurantoin,891
"Knadler MP, Bergestrom RF, Callaghan JT, and Rubin A (1986) Nizatidine, an H2-blocker. Its metabolism and disposition in man. Drug Metab. Dispos. 14: 175-82",Nizatidine,893
"Heptner W, Hornke I, Cavagna F, Fehlhaber HW, Rupp W, and Neubauer HP (1978) Metabolism of nomifensine in man and animal species. Arz. Forsch. 28: 58-64",Nomifensine,896
"Chen, Xijing; Liu, xiaoquan; Huang, Shengkai; Wang, Fengchen. Pharmacokinetics of norfloxacin by constant rate infusion. Zhongguo Linchuang Yaolixue Zazhi 1992, 8, 82-86",Norfloxacine,897
"QIN Yong-ping，MIAO Jia，MEI Ya-jun, WANG Ying，NAN Feng，ZHU Xiao-hong, XIANG Jin，SHU Shi-qing，YU Qin，LI Mei，LIANG Mao-zhi. Pharmacokinetic study of olprinone hydrochloride injection in healthy volunteers. Chinese Journal of New Drugs 2015, 24(12), 1397-1403",Olprinone,910
"Tolerability,Safety and Pharmacokinetics of ( S) -Ornidazole in Ascending Dose Study in Healthy Chinese Volunteers. ZHAO Ya-nan，WU Pei，SUN Hua，YANG Jing-jing,GUO Yi-yun，LIU Xiao-quan. Chin. Pharm. J. 2011, 46, 454-457",Ornidazole,921
"Dittert LW, Griffen WO, LaPiana JC, Shainfeld FJ, and Doluisio JT (1969) Pharmacokinetic interpretation of penicillin levels in serum and urine after intravenous administration. Antimic. Agents Chemother. 42-48",Oxacillin,925
Bergan T (1984) Pharmacokinetics of beta-lactam antibiotics. Scand. J. Infect. Dis. 42(Suppl): 83-98,Oxacillin,925
"Lucek RW and Coutinho CB (1976) The role of substituents in the hydrophobic binding of the 1,4-benzodiazepines by human plasma proteins. Molec. Pharmacol. 12: 612-619",Oxazepam,927
"Also, fu of 15% reported by Henry JA, Mitchell, SN. Effect of pH on human plasma protein binding of a series of β-adrenoceptor antagonists. British Journal of Clinical Pharmacology 1981 11(1):119-120P",Oxprenolol,929
"Kunin CM, Darnbush AC, and Finland M (1959) Distribution and excretion of four tetracycline analogs in normal young men. J. Clin. Invest. 38 1950-1963",Oxytetracycline,933
Sonnichsen DS and Relling MV (1994) Clinical pharmacokinetics of paclitaxel. Clin. Pharmacokinet. 27: 256-269,Paclitaxel,934
"Sun, Bing-ting; Dai, Guo-liang; Zang, Yu-xin; Zhao, Wen-zhu; He, Shu-fen; Zong, Yang; Ju, Wen-zheng; Tan, Heng-shan. Determination of human plasma protein binding rates of three main components in Baixiangdan capsules.Zhongguo Shiyan Fangjixue Zazhi 2016, 22, 68-72",Paeoniflorin,935
Saito A (1991) Pharmacokinetics of panipenem/betamipron. Chemotherapy 39(Suppl. 3)4: 227-235,Panipenem,941
"Huber R; Hartmann M; Bliesath H; Luhmann R; Steinijans V W; Zech K Pharmacokinetics of pantoprazole in man. International journal of clinical pharmacology and therapeutics (1996), 34(1 Suppl), S7-16",Pantoprazole,943
"slight variation between 10 and 100 ng/mL in ED. From abstract in English. Tan, Qiong; Hong, Jin-chuan; Xu, Zhi-ru; Xiao, Feng; Zhao, Sha-sha; Qin, Yan. Determination of the plasma protein binding rate of epothilone b by lc-​ms. Shijie Linchuang Yaowu (2012), 33(10), 599-603",Patupilone,948
"Pharmacokinetics of pazufloxacin single dose intravenous in healthy volunteers Qiao Hao-yi， Zhang Hui-lin， Cui Yi-ming，Sun Pei-hong,Zhao Xia, Zhou Yin，Liu Yu-wang and Zhao Dong-fan. Chin. J. Antibiot. 2006, 31, 220-223. Chinese journal zhong guo kang sheng su za zhi",Pazufloxacin,950
"S. Iwakura, H. Tanimura, K. Murakami. Basic study of regulating factors on the metabolism and biliary transfer of fluoroquinolones. Jap. J. Chemother. 1996, 44, 804-817",Pazufloxacin,950
"Phase I and Pharmacologic Study of Penclomedine, a Novel Alkylating Agent, in Patients With Solid Tumors Seamus O'Reilly, Louise B. Grochow, Ross C. Donehower, Tian-Ling Chen, Katherine Bowling, Neil R. Hartman,Robert F. Struck, and Eric K. Rowinsky. Journal of Clinical Oncology, 1997, Vol 15 1974-1984",Penclomedine,956
"Dittert LW, Griffen WO, LaPiana JC, Shainfeld FJ, and Doluisio JT (1969) Pharmacokinetic interpretation of penicillin levels in serum and urine after intravenous administration. Antimic. Agents Chemother. 9, 42-48",Penicillin G,959
"Malerczyk VV, Ruegenberg W, Seiler KU, and Simon C (1979) Untersuchungen zur konkurrenz verscheidener antibiotika um ihre bindungsstellen an serumeiweissen. Arzneim. Forsch. 29: 169-171",Penicillin G,959
"Conte JE, Duncan S, McKenna E, and Zurlinden E (1999) Effect of gender and race on the pharmacokinetics of pentamidine in HIV-infected patients. Clin, Drug Invest. 17: 293-299.",Pentamidine,960
"Ritschel WA, Bykadi G, Hoffmann KA, Norman EJ, Lucker PJ, and Rindt W (1982) Disposition and clinical side effectsof pentazocine when administered day and night. Arz. Forsch. 32: 64-68",Pentazocine,961
Ehrenbo M (1974) Pharmacokinetics and distribution properties of pentobarbital in humans following oral and intravenous administration. J. Pharm. Sci. 63: 1114-1118,Pentobarbital,962
"Eggert Hansen C, Rosted CT, Elley J, Bolvig Hansen L, Kragh-Sorensen P, Larsen NE, Naestoft J, and Hvidberg (1976) Clinical pharmacokinetics studies of perphenazine. Br. J. Clin. Pharmacol. 3: 915-923",Perphenazine,968
Bergan T (1984) Pharmacokinetics of beta-lactam antibiotics. Scand. J. Infect. Dis. 42(Suppl): 83-98,Phenethicillin,975
Bergan T (1984) Pharmacokinetics of beta-lactam antibiotics. Scand. J. Infect. Dis. 42(Suppl): 83-98,Phenoxymethylpenicillin,979
"Haustein KO, Hüller G. Pharmacokinetics of phenprocoumon. International journal of clinical pharmacology and therapeutics, 1994, 32, 192-7",Phenprocoumon,980
Henry JA and Mitchell SN (1981) Effect of pH on human plasma protein binding of a series of .beta.-adrenoceptor antagonists. Br. J. Clin. pharmacol. 11: 119P-120P,Pindolol,990
"Szeleczky G, Ronai-Lukacs S, and Vereczkey L (1984) Protein-binding of pipecuronium bromide (Arduan) in human plasma. Stud. Org. Chem. 18: 251-254",Pipecuronium,992
"R. CADORNIGA, S. NEGRO, I. MOLINA, J. A. GUTIERREZ. Estudio farmacocinetico del acido pipemidico trihidrato despues de su administracion en perfusion. An. Real Acad. Farm. 1987,53: 585-595",Pipemidic acid,993
"De Schepper PJ, Tjandramaga TB, Mullie A, Verbesselt R, van Hecken A, Verberckmoes R, and Verbist L (1982) Comparative pharmacokinetics of piperacillin in normals and in patients with renal failure. J. Antimic. Chemother. 9(Suppl B) 49-57",Piperacillin,994
Bergan T (1984) Pharmacokinetics of beta-lactam antibiotics. Scand. J. Infect. Dis. 42(Suppl): 83-98,Piperacillin,994
"reported by Henry JA, Mitchell, SN. Effect of pH on human plasma protein binding of a series of β-adrenoceptor antagonists. British Journal of Clinical Pharmacology 1981 11(1):119-120P",Practolol,1012
"Toxogonin and Pralidoxime: Kinetic Comparison after Intravenous Administration to Man FREDERICK R. SIDELL’, WILLIAM A. GROFF, and ANDRIS KAMINSKIS. J. Pharm. Sci. 1972, 61, 1765-1769",Pralidoxime,1015
Quion JA and Jones PH (1994) Clinical pharmacokinetics of pravastatin. Clin. Pharmacokinet. 27: 94-103,Pravastatin ,1018
"Koytchev R, Alken RG, Kirkov V, Neshev G, Vagaday M, and Kunter U (1994) Absolute bioverfugbarkeit von chlorpromazin, promazin, und promethazin. Arz. Forsch. 44: 121-125",Promazine,1031
"Koytchev R, Alken RG, Kirkov V, Neshev G, Vagaday M, and Kunter U (1994) Absolute bioverfugbarkeit von chlorpromazin, promazin, und promethazin. Arz. Forsch. 44: 121-125",Promethazine,1032
Quinn J and Calvert R (1976) The disposition of promethazine in man. J. Pharm. Pharmacol. 28(Suppl.) 59P,Promethazine,1032
Henry JA and Mitchell SN (1981) Effect of pH on human plasma protein binding of a series of .beta.-adrenoceptor antagonists. Br. J. Clin. Pharmacol. 11: 119P-120P,Propranolol,1038
"Vera J. Van de Velde, Jannie Ausma, Lieve Vandeplassche. I.V. Kinetics and Absolute Oral Bioavailability of Prucalopride. Gastroenterol. 2010, 138, (5), Supplement 1, Page S-230. doi: http://dx.doi.org/10.1016/S0016-5085(10)61047-5",Prucalopride,1042
"Kornfeld P, Samuels AJ, Wolf RL, and Osserman KE (1970) Metabolism of pyridostigmine-14C in myasthenia gravis. Evidence for multiple metabolites. Neurology 20: 634-641",Pyridostigmine,1045
"Shannon JA, Earle DP, Brodie BB, Taggart JV, and Berliner RW (1944) The pharmacological basis for the rational use of atabrine in the treatment of malaria. J. Pharmacol. Exp. Ther. 81: 307-330",Quinacrine,1048
"Fremstad D, Nilson OG, Stirsein L, Amlie J, and Jacobson S (1979) Pharmacokinetics of quinidine related to protein binding in man. Eur. J. Clin. Pharmacol. 15: 187-192",Quinidine,1050
Woo E and Greenblatt DJ (1979) Pharmacokinetic and clinical implications of quinidine protein binding. J. Pharm. Sci. 68: 465-469,Quinidine,1050
"White NJ, Clinical pharmacokinetics of antimaliria drugs. Clin. Pharmacokinet. 10: 187-215",Quinine,1051
"Morse GD, Shelton MJ, and O'Donnell AM (1993) Comparative pharmacokinetics of antiviral nucleoside analogues. Clin. Pharmacokinet. 24: 101-123",Ribavirin,1071
"Skinner MH, Hsieh M, Torseth J, Pauloin D, Bhatia G, Harkonen S, Merigan TC, and Blaschke TF (1989) Pharmacokinetics of rifabutin. Antimic. Agents Chemoter. 33: 1237-1241",Rifabutin,1074
"Hargreaves RJ, Longmore J, Beer M, Shepheard S, Cumberbatch M, Williamson D, Stanton J, Razzaque Z, Sohal B, Street L, Seabrook G, and Hill R (2000) The pharmacology and mechanisms of action of rizatriptan. Monogr. Clin. Neurosci. 17: 141-161",Rizatriptan,1088
"Weidekamm E, Schweizer J, McClelland G, Joubert P, Heizmann P (1995) Pharmacokinetics of the new cephalosporin Ro25-6833 in humans. Abstracts of the 35th Interscience Conference on Antimicrobial Agents and Chemotherapy, 122",Ro25-6833,1090
Roy JJ and Varin F (2004) Physicochemical Br. J. Anaesth. (2000) 85 (5): 717-723. properties of neuromuscular blocking agents and their impact on the pharmacokinetic-pharmacodynamic relationship. Br. J. Anaesth. 93: 241-248,Rocuronium,1091
"S. G. SUMMERFIELD, A. J. LUCAS, R. A. PORTER, P. JEFFREY, R. N. GUNN, K. R. READ, A. J. STEVENS, A. C. METCALF, M. C. OSUNA, P. J. KILFORD, J. PASSCHIER, A. D. RUFFOToward an improved prediction of human in vivo brain penetration. Xenobiotica, 2008; 38(12): 1518–1535. Average of (+) and (-) rolipram. Very similar values",Rolipram,1095
Dimmling T and Vanderbeke O (1975) Pharmakokinetik oral und intravenos verabreichbarer tetracyclinpraparate. Med. Klin. 70: 279-285,Rolitetracycline,1096
Rinati MV and Fleischmann L (1973) Legame con sieroproteine di alcune tetracicline e loro derivati idrosolubili. Cl. Terap. 71: 57-61,Rolitetracycline,1096
"Emanuelsson BM, Norsten-Hoog C, Sandberg R, and Sjovall J (1997) Ropivicaine and its 2H3-labelled analogue--bioanalysis and disposition in healthy volunteers. Eur. J. Pharm. Sci. 5: 171-177",Ropivacaine,1100
"Cawello W, Braun M, Boekens H. (A)DME of the dopamine agonist rotigotine in man- Administration by intravenous infusion or transdermal delivery. DMD Fast Forward article published July 16 2009",Rotigotine,1105
"ABSTRACT. D. D. Wang, K. A. Kern, M. Carpentieri, S. Zhang, B. Hee, M. R. Middleton, J. F. Spicer, L. R. Molife, R. Plummer. Absolute bioavailability of PF-01367338 tablets following oral administration in cancer patients. J. Clin. Oncol. 2011;29(15 supplement):e13615",Rucaparib,1107
"Yuan, Hai-jian; An, Yi-qiang; Chen, Yi-gang . Determination of protein binding rates of salvianolic acid B and danshensu with different plasmas. Zhongguo Shiyan Fangjixue Zazhi. 2014, 20, 136-139",Salvianolic acid B,1112
"AHFS drug information 2005. McEvoy GK, ed. Scopolamine. Bethesda, MD: American Society of Health-System Pharmacists; 2005:1254-7",Scopolamine,1121
"Huang, Yong; Chen, Hui; Zheng, Lin; He, Feng; Zhang, Zhirong; Wang, Yonglin . Determination of plasma protein binding rates of protocatechuic acid, isoorientin and scutellarin in Compound Hongcao freeze-​dried powder for injection by ultrafiltration combined with UPLC-​ESI-​MS​/MS. Zhongguo Yaoxue Zazhi (Beijing, China). 2011, 46, 1200-1204",Scutellarin,1122
"A. J. MERCER, R. J. LAMB, HUSSEIN, S. HOBBIGER, J. POSNER. The Tolerability, Pharmacokinetics and Pharmacodynamics of Increasing Intravenous Doses of 619C89, a Novel Compound for the Acute Treatment of Stroke, in Healthy Volunteers. Ann N. Y. Acad. Sci., 1995, 754, 324-326",Sipatrigine,1134
"Pechere JC, Pechere MM, and Dugal R (1976) Clinical pharmacokinetics of sisomycin: two-compartment model analysis of serum data after I.V. and I.M. administration. Eur. J. Clin. Pharmacol. 10: 251-256",Sisomicin,1135
"Schiavi M., Ventura P., Giachetti, C., Poletti, P., Canali, S., Zanolo, G. Systemic availability of two oral formulations of trans-sobrerol in healthy volunteers. Third European Congress of Biopharmaceutics and Pharmacokinetics : proceedings : Freiburg, April 21-24, 1987, p.228-233",Sobrerol,1142
N=7. Data from iv infusion (T=15 min) of 600-2000 mg/sq m/day doses. CL assumed average BW 70 Kg. MRT calculated from VDss and CL. t1/2 beta,Sparfosic acid,1146
"Wagner, JG, Novak, E, Leslie, LG, Metzler, CM (1968) Absorption, distribution and elimination of spectinomycin dihydrochloride in man. Int. Zeit. Klin. Pharmakol. Ther. Toxikol. 1: 261-285",Spectinomycin,1147
"Hashimoto, T. FUNDAMENTAL STUDIES ON PHARMACOKINETICS OF ANTIBIOTICS. PART 1. BINDING OF ANTIBIOTICS TO PLASMA PROTEINS. Chemotherapy (Tokyo). 1973, 21, 38-44",Spiramycin,1148
"Foulds G, Stankewich JP, Marshall DC, O'Brien MM, Hayes SL, Weidler DJ, and McMahon FG (1983) Pharmacokinetics of sulbactam in human. Antimic. Agents Chemother. 23: 692-699",Sulbactam,1159
Bergan T (1984) Pharmacokinetics of beta-lactam antibiotics. Scand. J. Infect. Dis. 42(Suppl): 83-98,Sulbenicillin,1160
"Mannisto PT, Mantyla R, Mattila J, Nykanen S, and Lamminsivu (1982) Coparison of pharmacokinetics of sulphadiazine and sulphamethoxazole after intravenous administration. J. Antimic. Chemother. 9: 461-470",Sulfadiazine,1161
"Kaplan SA, Weinfeld RE, Abruzzo CW, and Lewis M (1972) Pharmacokinetic profile of sulfisoxazole following intravenous, intramuscular, and oral administration to man. J. Pharm. Sci. 61; 773-778",Sulfisoxazole,1165
"Roth, W.; Zimmer, A.; Busch, U. Human pharmacokinetics of AR-​L 115 BS. Arzneim-Forsch. 1981, 31, 239-236",Sulmazole,1166
Scott AK (1994) Sumatriptan clinical pharmacokinetics. Clin. Pharmacokinet. 27: 337-344,Sumatriptan,1168
"Pahlman I, Edholm M, Kankaanranta S, Odell M-L (1998) Pharmacokinetics of susalimod, a highly biliary excreted sulphasalazine analogue, in various species. Nonpredictable human clearance by allometric scaling. Pharm. Pharmacol. Commun. 4, 493-498",Susalimod,1171
"Trausch B, Oertel R, Richter K, and Gramatte T (1995) Die proteinbindung von talinolol. Pharmazie 50: 72",Talinolol,1175
"Yamazaki H, Lamy S, Ducelier C, Bonnat C, and Lenfant B (2003) Study of binding of telithromycin to human serum proteins. Nippon Kagaku Ryoho Gakkai Zasshi 51: 206-209",Telithromycin,1197
"Madhok, Rajan. Tenidap. Lancet, 1995, 346, 481-485",Tenidap,1203
"Forest MG, Rivarola MA, Migeon CJ. Percentage binding of testosterone, androstenedione and dehydroisoandrosterone in human plasma. Steroids, 1968, 12, 323-343",Testosterone,1215
"Kunin CM, Darnbush AC, and Finland M (1959) Distribution and excretion of four tetracycline analogs in normal young men. J. Clin. Invest. 38: 1950-1963",Tetracycline,1216
"A First-in-Man Phase 1 Study of TH-302, A Hypoxia-Activated Cytotoxic Prodrug (HAP). Glen J Weiss, Jeffrey R Infante, Mitesh Borad, Virginia K Langmuir, Stewart Kroll, Donald Jung, Raoul Tibes, E Gabriela Chiorean, Suzanne F Jones, Howard A Burris. Poster presented at the EORTC-NCI-AACR symposium - Berlin, November 16-19th 2010",TH-302,1220
"Hashimoto, T. FUNDAMENTAL STUDIES ON PHARMACOKINETICS OF ANTIBIOTICS. PART 1. BINDING OF ANTIBIOTICS TO PLASMA PROTEINS. Chemotherapy (Tokyo). 1973, 21, 38-44",Thiamphenicol glycinate,1223
"Jansen JA, Oliver S, Dirach J, and Mengel HB (1995) Absolute bioavailability of tiagabine. Epilepsia 36(Suppl. 3): s159",Tiagabine,1228
"Human Pharmacokinetics of Tiaprofenic Acid. Pottier J. Cousty-Berlin D., Busigny M. Rheumatol. 1982, 7, 70-77",Tiaprofenic acid,1231
"Watanabe K, Koyama M, Iijima F, Nakazawa H, and Nakahira K (1986) Phase I studies on BRL 28500 (clavulanic acid-ticarcillin). Chemotherapy 34: 247",Ticarcillin,1234
Bergan T (1984) Pharmacokinetics of beta-lactam antibiotics. Scand. J. Infect. Dis. 42(Suppl): 83-98,Ticarcillin,1234
Janicke UA and Gundert-Remy U (1985) Stereoselective protein binding of (+/-)-cis and (+/-) trans tilidine. Arch. Pharmacol. 329: R101,Tilidine,1236
"Vermeij P, el Sherbini-Schepers M, and van Zweiten PA (1978) The disposition of timolol in man. J. Pharm. Pharmacol. 30: 53-55",Timolol,1238
"Sawyer PR, Brogden RN, Pinder RM, Speight TM, and Avery GS (1976) Tinidazole: a review of its antiprotozoal activity and therapeutic efficacy. Drugs 11: 423-440",Tinidazole,1239
"Lee S. Rosen, Joseph Brown, Bernadette Laxa, Leny Boulos, Laura Reiswig, William D. Henner, Robert T. Lum, Steve R. Schow, Christopher A. Maack, James G. Keck, Julie C. Mascavage, Jacqueline A. Dombroski, Reinaldo F. Gomez, and Gail L. Brown. Phase I Study of TLK286 (Glutathione S-Transferase P1-1 Activated Glutathione Analogue) in Advanced Refractory Solid Malignancies. Clinical Cancer Research, 2003, 9, 1628-1638",TLK286,1247
"Tofacitinib for the treatment of rheumatoid arthritis. Expert Rev. Clin. Immunol. 8(4), 319–331 (2012). Cristiano AF Zerbini* and Andrea Barranjard Vannucci Lomonte",Tofacitinib,1251
"Toxogonin and Pralidoxime: Kinetic Comparison after Intravenous Administration to Man FREDERICK R. SIDELL’, WILLIAM A. GROFF, and ANDRIS KAMINSKIS. J. Pharm. Sci. 1972, 61, 1765-1769",Toxogonin,1266
Grond S and Sablotzki A (2004) Clinical pharmacology of tramadol. Clin. Pharmacokinet. 43: 879-923,Tramadol,1269
"Mannisto PT, Mantyla R, Mattila J, Nykanen S, and Lamminsivu U (1982) Comparison of pharmacokinetics of sulphadiazine and sulphamethoxazole after intravenous infusion. J. Antimic. Chemother. 9: 461-470",Trimethoprim,1282
"Bun, H.; Monjanel-Mouterde, S.; Audebert, C.; Du Laurier, M. Vincent; Durand, A.; Cano, J. P. Pharmacokinetics of tropatepine in healthy volunteers. Clinical Drug Investigation, 1997, 14, 53-60",Tropatepine,1286
"Ghoneim MM, Kramer SE, Bannow R, Pandya H, and Routh JI (1973) Binding of d-tubocurarine to plasma proteins in normal man and in patients with hepatic or renal disease. Anesthesiol. 39: 410-415",Tubocurarine,1292
"Zech K, Steinijans VW, and Radtke HW (1986) Pharmacokinetics of urapidil in normal subjects. In Amery (Ed) Treatment of Hypertension with Urapidil: Preclinical and Clinical Update. 29-38, ICSS 101, RSM Services Ltd, London",Urapidil,1296
"Nakashima M, Katagiri K, Oguma T (1992) Phase 1 studies for vancomycin hydrochloride for injection. Chemotherapy 40: 210-224",Vancomycin,1304
"Arden JR, Lynam DP, Castagnoli KP, Canfell PC, Cannon JC, and Miller RD (1988) Vercuronium in alcoholic liver disease: a pharmacokinetic and pharmacodynamic analysis. Anesthesiology 68: 771-776",Vecuronium Bromide,1306
"Kirsten R, Nelson K, Kirsten D, and Heintz B (1998) Clinical pharmacokinetics of vasodilators. Part I. Clin. Pharmacokinet. 34: 457-482",Verapamil,1309
"The Pharmacokinetics of Fluticasone Furoate and Vilanterol Following Single Inhaled Administration in Combination and Intravenous Administration of Individual Components in Healthy Subjects.  Ann Allen, Ludovic Apoux, Jo Bal, Joseph Bianco, Alison Moore,  Ramiya Ravindranath,  Lee Tombs, Rodger D Kempsford. J Bioequiv Availab, 2013, 5:165-173.",Vilanterol,1315
"Abdel-Rahman M, Wosch F, Harder S, and Woodcock BG (1992) Interaction between verapamil and vincristine binding to plasma proteins. Int. J. Clin. Pharmacol. Ther. Toxicol. 30:536",Vincristine,1320
"Bioavailability of the hedgehog pathway inhibitor GDC-0449 in a phase I Pharmacokinetic (PK) study in healthy female subjects. 46th Annu Meet Am Soc Clin Oncol (ASCO) (June 4-8, Chicago) 2010, Abst e13009 Graham, R.A.; Morrison, G.E.; Chang, I.; et al. Following the IV bolus dose GDC-0449 plasma concentrations decreased markedly over the first 30 minutes; this short distribution phase was followed by a slower elimination phase through the remainder of the study, with an average terminal t of 10.2 ± 2.06 d. Clearance was 47.2 ± 14.1 mL/hr; volume of distribution (Vss) was 16.1 ± 2.34 L; mean bioavailability was 34.7 ± 5.76%",Vismodegib,1325
"Kelly WK, Richon VM, O'Connor O, Curley T, MacGregor-Curtelli B, Tong W, Klang M, Schwartz L, Richardson S, Rosa E, Drobnjak M, Cordon-Cordo C, Chiao JH, Rifkind R, Marks PA, Scher H (2003) Phase I clinical trial of histone deacetylase inhibitor: suberoylanilide hydroxamic acid administered intravenously. Clin. Cancer Res. 9: 3578-3588",Vorinostat,1329
"SEKINO HISAYUKI NAKAMICHI NOBORU, MIURA YUYA, TAKESHIGE TETSUO. Phase I Study of YM 060: Tolerance and Pharmacokinetics of YM 060 Following Repeat Intravenous administration in Healthy Male Volunteers. Yakuri to Chiryo (Jpn. Pharmacol. Ther.) 1994, 22, 3877-3888",YM 060,1340
"Daniel MJ, Barnett JM, and Pearson BA (1999) The low potential for drug interactions with zanamivir. Clin. Pharmacokinet. 36(Suppl. 1): 41-50",Zanamivir,1346
"Morse GD, Shelton MJ, and O'Donnell AM (1993) Comparative pharmacokinetics of antiviral nucleoside analogues. Clin. Pharmacokinet. 24: 101-123",Zidovudine,1350
"Thenot JP, Hermann P, Durand A, Burke JT, Allen J, Garrigou D, Vajta S, Albin H, Thebault JJ, Olive G, and Warrington SJ (1988) Pharmacokinetics and metabolism of zolpidem in various animal species and humans. In Imidazopyridines in Sleep Disorders (ed Sauvanet JP, Langer SZ, and Morselli PL). Raven Press, New York, pp 139-153",Zolpidem,1356
