lombardo_row,compound_name,pmid,pmcid,paperclip_id,pk_endpoint,lombardo_value,lombardo_units,paper_value,paper_units,study_context,evidence_status,snippet,source_lines,source_url,derivation_notes
209,CB 10-277,8431367,PMC1968184,PMC1968184,Clearance,1.3,mL/min/kg,,,Human IV short-infusion trial; Figure 5 shows two patients at 6000 mg/m2.,derived_from_paper,Plasma levels of CB1O-277,L7,https://paperclip.gxl.ai/citations/papers/PMC1968184#L7,"The paper provides concentration-time curves. Lombardo states that this endpoint was calculated by digitizing a plot; the excerpt is figure context, not a reported numeric endpoint. Paperclip lists scanned page images in this paper’s figures directory. The page containing the concentration-time plot has not yet been visually identified. The CSV snippet was extracted from Paperclip text or captions. The curve has not been re-digitized and Lombardo’s calculation has not been independently reproduced. Lombardo comments: Parameters were calculated using C vs t data obtained by digitzation of the plot provided in the reference."
209,CB 10-277,8431367,PMC1968184,PMC1968184,Mean residence time,3.0,h,,,Human IV short-infusion trial; Figure 5 shows two patients at 6000 mg/m2.,derived_from_paper,Plasma levels of CB1O-277,L7,https://paperclip.gxl.ai/citations/papers/PMC1968184#L7,"The paper provides concentration-time curves. Lombardo states that this endpoint was calculated by digitizing a plot; the excerpt is figure context, not a reported numeric endpoint. Paperclip lists scanned page images in this paper’s figures directory. The page containing the concentration-time plot has not yet been visually identified. The CSV snippet was extracted from Paperclip text or captions. The curve has not been re-digitized and Lombardo’s calculation has not been independently reproduced. Lombardo comments: Parameters were calculated using C vs t data obtained by digitzation of the plot provided in the reference."
209,CB 10-277,8431367,PMC1968184,PMC1968184,Steady-state volume of distribution,0.25,L/kg,,,Human IV short-infusion trial; Figure 5 shows two patients at 6000 mg/m2.,derived_from_paper,Plasma levels of CB1O-277,L7,https://paperclip.gxl.ai/citations/papers/PMC1968184#L7,"The paper provides concentration-time curves. Lombardo states that this endpoint was calculated by digitizing a plot; the excerpt is figure context, not a reported numeric endpoint. Paperclip lists scanned page images in this paper’s figures directory. The page containing the concentration-time plot has not yet been visually identified. The CSV snippet was extracted from Paperclip text or captions. The curve has not been re-digitized and Lombardo’s calculation has not been independently reproduced. Lombardo comments: Parameters were calculated using C vs t data obtained by digitzation of the plot provided in the reference."
209,CB 10-277,8431367,PMC1968184,PMC1968184,Terminal half-life,2.5,h,,,Human IV short-infusion trial; Figure 5 shows two patients at 6000 mg/m2.,derived_from_paper,Plasma levels of CB1O-277,L7,https://paperclip.gxl.ai/citations/papers/PMC1968184#L7,"The paper provides concentration-time curves. Lombardo states that this endpoint was calculated by digitizing a plot; the excerpt is figure context, not a reported numeric endpoint. Paperclip lists scanned page images in this paper’s figures directory. The page containing the concentration-time plot has not yet been visually identified. The CSV snippet was extracted from Paperclip text or captions. The curve has not been re-digitized and Lombardo’s calculation has not been independently reproduced. Lombardo comments: Parameters were calculated using C vs t data obtained by digitzation of the plot provided in the reference."
316,Copanlisib,27915408,PMC5225172,PMC5225172,Clearance,6.42,mL/min/kg,,,"Copanlisib; 0.8 mg/kg IV infusion; cycle 1 day 1, N=7; geometric means in Table 5.",derived_from_paper,"AUC, µg·h/L | 2350 (14.3)",L139-L152,https://paperclip.gxl.ai/citations/papers/PMC5225172#L139-L152,"No clearance value is tabulated. Lombardo derives it from a digitized profile with AUCinf 2073, versus reported 2350. The AUC is a comparison input, not a reported clearance. Paperclip Figure 1 is available as an image and was visually inspected, confirming the 0.4 and 0.8 mg/kg concentration-time curves. The CSV snippet was extracted from Paperclip text or captions. The curve has not been re-digitized and Lombardo’s calculation has not been independently reproduced. Lombardo comments: BAY 80-6946. N=7, 1 hr infusion at 0.8 mg/kg dose. Data digitized from plot reported and PK parameters calculated via PKSolver. AUCinf reported 2350 ug.h.L-1; calculated 2073 ng.h.mL-1. 13% difference"
316,Copanlisib,27915408,PMC5225172,PMC5225172,Mean residence time,26.8,h,,,"Copanlisib; 0.8 mg/kg IV infusion; cycle 1 day 1, N=7; geometric means in Table 5.",derived_from_paper,copanlisib concentrations in plasma,L124,https://paperclip.gxl.ai/citations/papers/PMC5225172#L124,"No numeric MRT located; Lombardo derives it from the digitized profile. Paperclip Figure 1 is available as an image and was visually inspected, confirming the 0.4 and 0.8 mg/kg concentration-time curves. The CSV snippet was extracted from Paperclip text or captions. The curve has not been re-digitized and Lombardo’s calculation has not been independently reproduced. Lombardo comments: BAY 80-6946. N=7, 1 hr infusion at 0.8 mg/kg dose. Data digitized from plot reported and PK parameters calculated via PKSolver. AUCinf reported 2350 ug.h.L-1; calculated 2073 ng.h.mL-1. 13% difference"
316,Copanlisib,27915408,PMC5225172,PMC5225172,Steady-state volume of distribution,10.34,L/kg,,,"Copanlisib; 0.8 mg/kg IV infusion; cycle 1 day 1, N=7; geometric means in Table 5.",derived_from_paper,copanlisib concentrations in plasma,L124,https://paperclip.gxl.ai/citations/papers/PMC5225172#L124,"No Vss value is tabulated. Lombardo derives Vss from the digitized cycle-1 day-1 profile. Paperclip Figure 1 is available as an image and was visually inspected, confirming the 0.4 and 0.8 mg/kg concentration-time curves. The CSV snippet was extracted from Paperclip text or captions. The curve has not been re-digitized and Lombardo’s calculation has not been independently reproduced. Lombardo comments: BAY 80-6946. N=7, 1 hr infusion at 0.8 mg/kg dose. Data digitized from plot reported and PK parameters calculated via PKSolver. AUCinf reported 2350 ug.h.L-1; calculated 2073 ng.h.mL-1. 13% difference"
316,Copanlisib,27915408,PMC5225172,PMC5225172,Terminal half-life,25.2,h,35.6 (CV 73.1%),h,"Copanlisib; 0.8 mg/kg IV infusion; cycle 1 day 1, N=7; geometric means in Table 5.",derived_from_paper,"t1/2, h | 35.6 (73.1)",L139-L152,https://paperclip.gxl.ai/citations/papers/PMC5225172#L139-L152,"Reported geometric mean terminal half-life differs from Lombardo 25.2 h calculated from digitized data. Paperclip Figure 1 is available as an image and was visually inspected, confirming the 0.4 and 0.8 mg/kg concentration-time curves. The CSV snippet was extracted from Paperclip text or captions. The curve has not been re-digitized and Lombardo’s calculation has not been independently reproduced. Lombardo comments: BAY 80-6946. N=7, 1 hr infusion at 0.8 mg/kg dose. Data digitized from plot reported and PK parameters calculated via PKSolver. AUCinf reported 2350 ug.h.L-1; calculated 2073 ng.h.mL-1. 13% difference"
330,CYT997,20733579,PMC2938266,PMC2938266,Clearance,22.2,mL/min/kg,1.11 (0.23),L/h/kg,"CYT997; 269 mg/m2, 24-hour infusion; Table 3 includes five evaluable patients, whereas Lombardo describes a digitized four-subject profile.",derived_from_paper,1.11 (0.23),L137-L153,https://paperclip.gxl.ai/citations/papers/PMC2938266#L137-L153,"Reported Table 3 clearance at 269 mg/m2 uses AUC0-t. Lombardo clearance is recalculated from a digitized plot and is not this directly reported value. Paperclip lists figure image assets for this paper. The concentration-time figure has not yet been visually inspected. The CSV snippet was extracted from Paperclip text or captions. The curve has not been re-digitized and Lombardo’s calculation has not been independently reproduced. Lombardo comments: Lexibulin. Data digitized from plot reported, 269 mg/m2 dose and converted using 1.73 m2/70 kg factor. N=4. 24 hour infusion. Good agreement (9%) with reported AUC-last."
330,CYT997,20733579,PMC2938266,PMC2938266,Mean residence time,2.5,h,,,"CYT997; 269 mg/m2, 24-hour infusion; Table 3 includes five evaluable patients, whereas Lombardo describes a digitized four-subject profile.",derived_from_paper,Figure 1C,L65,https://paperclip.gxl.ai/citations/papers/PMC2938266#L65,"No numeric MRT located. Lombardo derives it from the digitized concentration-time profile; this is figure context only. Paperclip lists figure image assets for this paper. The concentration-time figure has not yet been visually inspected. The CSV snippet was extracted from Paperclip text or captions. The curve has not been re-digitized and Lombardo’s calculation has not been independently reproduced. Lombardo comments: Lexibulin. Data digitized from plot reported, 269 mg/m2 dose and converted using 1.73 m2/70 kg factor. N=4. 24 hour infusion. Good agreement (9%) with reported AUC-last."
330,CYT997,20733579,PMC2938266,PMC2938266,Steady-state volume of distribution,3.41,L/kg,,,"CYT997; 269 mg/m2, 24-hour infusion; Table 3 includes five evaluable patients, whereas Lombardo describes a digitized four-subject profile.",derived_from_paper,Vapp=apparent volume of distribution,L137-L153,https://paperclip.gxl.ai/citations/papers/PMC2938266#L137-L153,"The table reports Vapp 8.2 (3.0) L/kg at this dose, not Vss. Lombardo Vss is calculated from digitized concentration-time data. Paperclip lists figure image assets for this paper. The concentration-time figure has not yet been visually inspected. The CSV snippet was extracted from Paperclip text or captions. The curve has not been re-digitized and Lombardo’s calculation has not been independently reproduced. Lombardo comments: Lexibulin. Data digitized from plot reported, 269 mg/m2 dose and converted using 1.73 m2/70 kg factor. N=4. 24 hour infusion. Good agreement (9%) with reported AUC-last."
330,CYT997,20733579,PMC2938266,PMC2938266,Terminal half-life,2.9,h,5.1 (1.7),h,"CYT997; 269 mg/m2, 24-hour infusion; Table 3 includes five evaluable patients, whereas Lombardo describes a digitized four-subject profile.",derived_from_paper,5.1 (1.7),L137-L153,https://paperclip.gxl.ai/citations/papers/PMC2938266#L137-L153,"Reported terminal half-life at 269 mg/m2 differs from the digitized Lombardo value 2.9 h. Paperclip lists figure image assets for this paper. The concentration-time figure has not yet been visually inspected. The CSV snippet was extracted from Paperclip text or captions. The curve has not been re-digitized and Lombardo’s calculation has not been independently reproduced. Lombardo comments: Lexibulin. Data digitized from plot reported, 269 mg/m2 dose and converted using 1.73 m2/70 kg factor. N=4. 24 hour infusion. Good agreement (9%) with reported AUC-last."
364,"Desacetylpaclitaxel, 4-; 4-methyl carbonate",16333310,PMC2361071,PMC2361071,Clearance,8.6,mL/min/kg,317 (60),mL/min/m2,"BMS-188797 plus cisplatin; cycle 1; three dose groups, 80/110/150 mg/m2; pooled means (SD).",not_located,317±60 ml min−1 m−2,L8,https://paperclip.gxl.ai/citations/papers/PMC2361071#L8,The pooled mean is reported at L53. Lombardo 8.6 mL/min/kg cannot be reproduced from this mean using 1.73 m2/70 kg; it may use another normalization or aggregation. Lombardo comments:  BMS-188797
364,"Desacetylpaclitaxel, 4-; 4-methyl carbonate",16333310,PMC2361071,PMC2361071,Mean residence time,13.0,h,,,"BMS-188797 plus cisplatin; cycle 1; three dose groups, 80/110/150 mg/m2; pooled means (SD).",derived_from_paper,317±60 ml min−1 m−2,L8,https://paperclip.gxl.ai/citations/papers/PMC2361071#L8,"No numeric MRT located. The clearance/Vss summary is contextual evidence; Lombardo MRT is derived, not directly quoted. Lombardo comments:  BMS-188797"
364,"Desacetylpaclitaxel, 4-; 4-methyl carbonate",16333310,PMC2361071,PMC2361071,Steady-state volume of distribution,6.9,L/kg,258 (96),L/m2,"BMS-188797 plus cisplatin; cycle 1; three dose groups, 80/110/150 mg/m2; pooled means (SD).",not_located,258±96 l m−2,L8,https://paperclip.gxl.ai/citations/papers/PMC2361071#L8,Reported pooled Vss at L53. Lombardo 6.9 L/kg requires normalization/aggregation not specified in its comments. Lombardo comments:  BMS-188797
364,"Desacetylpaclitaxel, 4-; 4-methyl carbonate",16333310,PMC2361071,PMC2361071,Terminal half-life,31.0,h,30.8 (7.7),h,"BMS-188797 plus cisplatin; cycle 1; three dose groups, 80/110/150 mg/m2; pooled means (SD).",derived_from_paper,30.8±7.7 h,L8,https://paperclip.gxl.ai/citations/papers/PMC2361071#L8,Reported pooled terminal half-life; Lombardo rounds to 31 h. Lombardo comments:  BMS-188797
402,Dinaciclib,24131779,PMC3853718,PMC3853718,Clearance,4.65,mL/min/kg,,,"Dinaciclib; day 1, 12 mg/m2 IV over two hours; Lombardo uses the mean concentration-time plot, N=11.",derived_from_paper,Mean dinaciclib concentration-time profiles,L152-L153,https://paperclip.gxl.ai/citations/papers/PMC3853718#L152-L153,"Lombardo derives clearance from the digitized Figure 2A profile; numeric dose-specific parameters are delegated by the paper to supplementary Table S2. Paperclip supplementary file S1 contains the PK table title and footnotes but no numeric table cells; S2 contains adverse events, despite the main-text reference to Table S2. Paperclip lists the Figure 2 image containing panel A. The image has not yet been visually inspected. The CSV snippet was extracted from Paperclip text or captions. The curve has not been re-digitized and Lombardo’s calculation has not been independently reproduced. Lombardo comments: Data digitized from plot reported and compared to AUC in supplementary information. Day 1, 12 mg/m2, N=11. AUC(inf) 92% of reported. 70 kg weight assumed."
402,Dinaciclib,24131779,PMC3853718,PMC3853718,Mean residence time,1.1,h,,,"Dinaciclib; day 1, 12 mg/m2 IV over two hours; Lombardo uses the mean concentration-time plot, N=11.",derived_from_paper,Mean dinaciclib concentration-time profiles,L152-L153,https://paperclip.gxl.ai/citations/papers/PMC3853718#L152-L153,"Lombardo derives MRT from the digitized profile; no numeric MRT located in the main text. Paperclip supplementary file S1 contains the PK table title and footnotes but no numeric table cells; S2 contains adverse events, despite the main-text reference to Table S2. Paperclip lists the Figure 2 image containing panel A. The image has not yet been visually inspected. The CSV snippet was extracted from Paperclip text or captions. The curve has not been re-digitized and Lombardo’s calculation has not been independently reproduced. Lombardo comments: Data digitized from plot reported and compared to AUC in supplementary information. Day 1, 12 mg/m2, N=11. AUC(inf) 92% of reported. 70 kg weight assumed."
402,Dinaciclib,24131779,PMC3853718,PMC3853718,Steady-state volume of distribution,0.32,L/kg,,,"Dinaciclib; day 1, 12 mg/m2 IV over two hours; Lombardo uses the mean concentration-time plot, N=11.",derived_from_paper,Mean dinaciclib concentration-time profiles,L152-L153,https://paperclip.gxl.ai/citations/papers/PMC3853718#L152-L153,"Lombardo derives Vss from the digitized Figure 2A profile. The main-text figure caption is contextual evidence only. Paperclip supplementary file S1 contains the PK table title and footnotes but no numeric table cells; S2 contains adverse events, despite the main-text reference to Table S2. Paperclip lists the Figure 2 image containing panel A. The image has not yet been visually inspected. The CSV snippet was extracted from Paperclip text or captions. The curve has not been re-digitized and Lombardo’s calculation has not been independently reproduced. Lombardo comments: Data digitized from plot reported and compared to AUC in supplementary information. Day 1, 12 mg/m2, N=11. AUC(inf) 92% of reported. 70 kg weight assumed."
402,Dinaciclib,24131779,PMC3853718,PMC3853718,Terminal half-life,2.1,h,1.5-3.6,h,"Dinaciclib; day 1, 12 mg/m2 IV over two hours; Lombardo uses the mean concentration-time plot, N=11.",derived_from_paper,Terminal half-life values ranged from 1.5 to 3.6 hours,L152-L153,https://paperclip.gxl.ai/citations/papers/PMC3853718#L152-L153,"This is the overall IV range, not a directly reported 12 mg/m2 value of 2.1 h. Lombardo uses a digitized profile. Paperclip supplementary file S1 contains the PK table title and footnotes but no numeric table cells; S2 contains adverse events, despite the main-text reference to Table S2. Paperclip lists the Figure 2 image containing panel A. The image has not yet been visually inspected. The CSV snippet was extracted from Paperclip text or captions. The curve has not been re-digitized and Lombardo’s calculation has not been independently reproduced. Lombardo comments: Data digitized from plot reported and compared to AUC in supplementary information. Day 1, 12 mg/m2, N=11. AUC(inf) 92% of reported. 70 kg weight assumed."
489,Evacetrapib,24452615,PMC3910017,PMC3910017,Fraction unbound in plasma,0.001,fraction,>99,% bound,Evacetrapib protein-binding statement from separate studies cited within the selected oral population-PK paper.,not_located,highly protein bound (>99%),L31,https://paperclip.gxl.ai/citations/papers/PMC3910017#L31,"This implies fu <0.01; it does not establish the specific Lombardo fu=0.001. Exact binding value not located in the selected text. Lombardo comments: LY 2484595. N=8, 7M/1F, 74.6 kg average weight, 175 ug of 13-C8 tracer as a 4 hr infusion. Data digitized from plot reported and PK parameters calculated via PKSolver. Reported normalized AUC(0-inf): 248 ng.h.mL-1.mg-1; calculated normalized AUC(0-inf): 266.02 ng.h.mL-1.mg-1. 7% difference."
489,Evacetrapib,26639670,PMC5064742,PMC5064742,Clearance,0.84,mL/min/kg,4.03 (CV 16%),L/h,"Evacetrapib stable-isotope IV tracer, 175 microgram over four hours; N=8; mean weight 74.6 kg; Table 3 IV column.",derived_from_paper,CL (L/h) | NA | 4.03 (16),L83-L99,https://paperclip.gxl.ai/citations/papers/PMC5064742#L83-L99,"Lombardo recalculates clearance from the digitized Figure 2 curve and normalizes by 74.6 kg; the recalculated value differs from the reported mean. Paperclip lists the Figure 2 image. The image has not yet been visually inspected. The CSV snippet was extracted from Paperclip text or captions. The curve has not been re-digitized and Lombardo’s calculation has not been independently reproduced. Lombardo comments: LY 2484595. N=8, 7M/1F, 74.6 kg average weight, 175 ug of 13-C8 tracer as a 4 hr infusion. Data digitized from plot reported and PK parameters calculated via PKSolver. Reported normalized AUC(0-inf): 248 ng.h.mL-1.mg-1; calculated normalized AUC(0-inf): 266.02 ng.h.mL-1.mg-1. 7% difference."
489,Evacetrapib,26639670,PMC5064742,PMC5064742,Mean residence time,36.15,h,,,"Evacetrapib stable-isotope IV tracer, 175 microgram over four hours; N=8; mean weight 74.6 kg; Table 3 IV column.",derived_from_paper,Arithmetic mean plasma concentration‐time profiles,L82,https://paperclip.gxl.ai/citations/papers/PMC5064742#L82,"MRT is not tabulated; Lombardo calculates it from the digitized IV concentration-time curve. Paperclip lists the Figure 2 image. The image has not yet been visually inspected. The CSV snippet was extracted from Paperclip text or captions. The curve has not been re-digitized and Lombardo’s calculation has not been independently reproduced. Lombardo comments: LY 2484595. N=8, 7M/1F, 74.6 kg average weight, 175 ug of 13-C8 tracer as a 4 hr infusion. Data digitized from plot reported and PK parameters calculated via PKSolver. Reported normalized AUC(0-inf): 248 ng.h.mL-1.mg-1; calculated normalized AUC(0-inf): 266.02 ng.h.mL-1.mg-1. 7% difference."
489,Evacetrapib,26639670,PMC5064742,PMC5064742,Steady-state volume of distribution,1.82,L/kg,,,"Evacetrapib stable-isotope IV tracer, 175 microgram over four hours; N=8; mean weight 74.6 kg; Table 3 IV column.",derived_from_paper,Vz (L) | NA | 246 (33),L83-L99,https://paperclip.gxl.ai/citations/papers/PMC5064742#L83-L99,"The article reports terminal Vz, not Vss. Lombardo Vss is calculated from its digitized profile; do not relabel the reported Vz as Vss. Paperclip lists the Figure 2 image. The image has not yet been visually inspected. The CSV snippet was extracted from Paperclip text or captions. The curve has not been re-digitized and Lombardo’s calculation has not been independently reproduced. Lombardo comments: LY 2484595. N=8, 7M/1F, 74.6 kg average weight, 175 ug of 13-C8 tracer as a 4 hr infusion. Data digitized from plot reported and PK parameters calculated via PKSolver. Reported normalized AUC(0-inf): 248 ng.h.mL-1.mg-1; calculated normalized AUC(0-inf): 266.02 ng.h.mL-1.mg-1. 7% difference."
489,Evacetrapib,26639670,PMC5064742,PMC5064742,Terminal half-life,51.94,h,42.3 (range 27.9-63.7),h,"Evacetrapib stable-isotope IV tracer, 175 microgram over four hours; N=8; mean weight 74.6 kg; Table 3 IV column.",derived_from_paper,t1/2 b (h) | 42.3 (27.4–65.5) | 42.3 (27.9–63.7),L83-L99,https://paperclip.gxl.ai/citations/papers/PMC5064742#L83-L99,"Use the IV column (second). Reported half-life differs from Lombardo 51.94 h calculated by digitization. Paperclip lists the Figure 2 image. The image has not yet been visually inspected. The CSV snippet was extracted from Paperclip text or captions. The curve has not been re-digitized and Lombardo’s calculation has not been independently reproduced. Lombardo comments: LY 2484595. N=8, 7M/1F, 74.6 kg average weight, 175 ug of 13-C8 tracer as a 4 hr infusion. Data digitized from plot reported and PK parameters calculated via PKSolver. Reported normalized AUC(0-inf): 248 ng.h.mL-1.mg-1; calculated normalized AUC(0-inf): 266.02 ng.h.mL-1.mg-1. 7% difference."
540,Fostriecin,10070885,PMC2362650,PMC2362650,Clearance,1.2,mL/min/kg,2.90,L/h/m2,"Fostriecin; 60-minute IV administration, day 1; 2-20 mg/m2; two-compartment analysis.",derived_from_paper,mean Cl (apparent total body clearance) 2.90,L11,https://paperclip.gxl.ai/citations/papers/PMC2362650#L11,Reported clearance requires body-size and time-unit conversion to Lombardo units. Lombardo comments: 
540,Fostriecin,10070885,PMC2362650,PMC2362650,Mean residence time,1.2,h,1.19,h,"Fostriecin; 60-minute IV administration, day 1; 2-20 mg/m2; two-compartment analysis.",derived_from_paper,(MRT) 1.19 h,L11,https://paperclip.gxl.ai/citations/papers/PMC2362650#L11,Lombardo rounds reported MRT to 1.2 h. Lombardo comments: 
540,Fostriecin,10070885,PMC2362650,PMC2362650,Steady-state volume of distribution,0.086,L/kg,,,"Fostriecin; 60-minute IV administration, day 1; 2-20 mg/m2; two-compartment analysis.",derived_from_paper,(MRT) 1.19 h,L11,https://paperclip.gxl.ai/citations/papers/PMC2362650#L11,"The paper reports Vd 5.64 L/m2, not explicitly Vss. Lombardo Vss is consistent with CL*MRT: 2.90*1.19*1.73/70 ≈ 0.085 L/kg. Do not substitute the reported Vd as Vss. Lombardo comments: "
540,Fostriecin,10070885,PMC2362650,PMC2362650,Terminal half-life,1.5,h,1.51,h,"Fostriecin; 60-minute IV administration, day 1; 2-20 mg/m2; two-compartment analysis.",derived_from_paper,"1.51 h (terminal; 95% CI, 0.41–2.61 h)",L8,https://paperclip.gxl.ai/citations/papers/PMC2362650#L8,Reported terminal half-life is rounded to 1.5 h in Lombardo. Lombardo comments: 
543,Fulvestrant,15094758,PMC2750771,PMC2750771,Clearance,11.8,mL/min/kg,9.3-14.3,mL/min/kg,"Fulvestrant; pooled single-dose IV studies using a 1-hour infusion, not the long-acting IM formulation.",derived_from_paper,9.3 and 14.3 ml min kg−1,L13,https://paperclip.gxl.ai/citations/papers/PMC2750771#L13,Lombardo 11.8 is the midpoint of the reported range. Lombardo comments:   Data from 1-h iv infusion doses. MRT calculated from CL and VDss
543,Fulvestrant,15094758,PMC2750771,PMC2750771,Fraction unbound in plasma,0.01,fraction,,,"Fulvestrant; pooled single-dose IV studies using a 1-hour infusion, not the long-acting IM formulation.",not_located,,,https://paperclip.gxl.ai/citations/papers/PMC2750771,"No binding percentage located in this selected paper. Lombardo explicitly cites the PDR product label for 99% binding, which is outside the requested paper subset. Lombardo comments:   Data from 1-h iv infusion doses. MRT calculated from CL and VDss"
543,Fulvestrant,15094758,PMC2750771,PMC2750771,Mean residence time,5.86,h,,,"Fulvestrant; pooled single-dose IV studies using a 1-hour infusion, not the long-acting IM formulation.",derived_from_paper,9.3 and 14.3 ml min kg−1,L13,https://paperclip.gxl.ai/citations/papers/PMC2750771#L13,MRT is not directly reported; Lombardo calculates it from CL and Vss. Lombardo comments:   Data from 1-h iv infusion doses. MRT calculated from CL and VDss
543,Fulvestrant,15094758,PMC2750771,PMC2750771,Steady-state volume of distribution,4.15,L/kg,3.0-5.3,L/kg,"Fulvestrant; pooled single-dose IV studies using a 1-hour infusion, not the long-acting IM formulation.",derived_from_paper,3.0 to 5.3 l kg−1,L13,https://paperclip.gxl.ai/citations/papers/PMC2750771#L13,Lombardo 4.15 is the midpoint of the reported range. Lombardo comments:   Data from 1-h iv infusion doses. MRT calculated from CL and VDss
543,Fulvestrant,15094758,PMC2750771,PMC2750771,Terminal half-life,16.0,h,13.5-18.5,h,"Fulvestrant; pooled single-dose IV studies using a 1-hour infusion, not the long-acting IM formulation.",derived_from_paper,13.5 to 18.5 h,L13,https://paperclip.gxl.ai/citations/papers/PMC2750771#L13,Lombardo 16 is the midpoint of the reported range. Lombardo comments:   Data from 1-h iv infusion doses. MRT calculated from CL and VDss
593,GSK2239633,23448278,PMC3599276,PMC3599276,Clearance,5.1,mL/min/kg,21.9 (95% CI 17.2-27.7),L/h,"Parent [14C]-GSK2239633, not total drug-related radioactivity; 100 microgram IV microdose; N=6.",derived_from_paper,"CL (L/hour) | 21.9 (17.2, 27.7)",L85-L97,https://paperclip.gxl.ai/citations/papers/PMC3599276#L85-L97,"Lombardo converts using an average weight of 71.9 kg. Lombardo comments: microdose, 100 ug. N=6, average weight 71.9 kg. Also reported as GSK2239633A. Gem-dimethyl derivative = compound 7r in reference 28 cited by PK reference."
593,GSK2239633,23448278,PMC3599276,PMC3599276,Mean residence time,5.43,h,,,"Parent [14C]-GSK2239633, not total drug-related radioactivity; 100 microgram IV microdose; N=6.",derived_from_paper,"CL (L/hour) | 21.9 (17.2, 27.7)",L85-L97,https://paperclip.gxl.ai/citations/papers/PMC3599276#L85-L97,"No numeric MRT reported; 119/21.9 = 5.43 h reproduces Lombardo from reported Vss and CL. Lombardo comments: microdose, 100 ug. N=6, average weight 71.9 kg. Also reported as GSK2239633A. Gem-dimethyl derivative = compound 7r in reference 28 cited by PK reference."
593,GSK2239633,23448278,PMC3599276,PMC3599276,Steady-state volume of distribution,1.65,L/kg,119.0 (95% CI 78.4-182.0),L,"Parent [14C]-GSK2239633, not total drug-related radioactivity; 100 microgram IV microdose; N=6.",derived_from_paper,"Vss (L) | 119.0 (78.4, 182.0)",L85-L97,https://paperclip.gxl.ai/citations/papers/PMC3599276#L85-L97,"Lombardo divides by the mean weight of 71.9 kg. Do not use terminal Vd=424 L. Lombardo comments: microdose, 100 ug. N=6, average weight 71.9 kg. Also reported as GSK2239633A. Gem-dimethyl derivative = compound 7r in reference 28 cited by PK reference."
593,GSK2239633,23448278,PMC3599276,PMC3599276,Terminal half-life,13.5,h,13.5 (range 8.0-21.2),h,"Parent [14C]-GSK2239633, not total drug-related radioactivity; 100 microgram IV microdose; N=6.",directly_reported,t½ (hour)1 | 13.5 [8.0–21.2],L85-L97,https://paperclip.gxl.ai/citations/papers/PMC3599276#L85-L97,"Table 2 specifies median and range for half-life; the median equals Lombardo. Lombardo comments: microdose, 100 ug. N=6, average weight 71.9 kg. Also reported as GSK2239633A. Gem-dimethyl derivative = compound 7r in reference 28 cited by PK reference."
678,Ixazomib,25325301,PMC4220649,PMC4220649,Clearance,0.5,mL/min/kg,,,Ixazomib IV 3.11 mg/m2; Lombardo digitizes day-1 Figure 1a (N=5). Day-15 half-lives are separately identified.,derived_from_paper,plasma concentration-time profiles of ixazomib,L44-L61,https://paperclip.gxl.ai/citations/papers/PMC4220649#L44-L61,"Total clearance is not tabulated; Lombardo calculates it using extrapolated AUCinf from a digitized curve. Do not use the reported renal clearance as total CL. Paperclip lists the Figure 1 image containing panel a. The image has not yet been visually inspected. The CSV snippet was extracted from Paperclip text or captions. The curve has not been re-digitized and Lombardo’s calculation has not been independently reproduced. Lombardo comments: MLN 2238. Data digitized from curve in Figure 1a. N=5, 3.11 mg/m2 dose. Only AUC 0-168h reported (1680 ng.hr/mL and calculated value was 1886 ng.hr/mL, corresponding to a ratio calculated/reported of 1.12). Cearance calculated with AUCinf (2547 ng.hr/mL or 25% extrapolation) and t1/2 essentially identical to reported value for Day 14 dosing. 2-fold accumulation observed."
678,Ixazomib,25325301,PMC4220649,PMC4220649,Mean residence time,119.0,h,,,Ixazomib IV 3.11 mg/m2; Lombardo digitizes day-1 Figure 1a (N=5). Day-15 half-lives are separately identified.,derived_from_paper,plasma concentration-time profiles of ixazomib,L44-L61,https://paperclip.gxl.ai/citations/papers/PMC4220649#L44-L61,"No numeric MRT located; Lombardo derives it from the digitized day-1 curve. Paperclip lists the Figure 1 image containing panel a. The image has not yet been visually inspected. The CSV snippet was extracted from Paperclip text or captions. The curve has not been re-digitized and Lombardo’s calculation has not been independently reproduced. Lombardo comments: MLN 2238. Data digitized from curve in Figure 1a. N=5, 3.11 mg/m2 dose. Only AUC 0-168h reported (1680 ng.hr/mL and calculated value was 1886 ng.hr/mL, corresponding to a ratio calculated/reported of 1.12). Cearance calculated with AUCinf (2547 ng.hr/mL or 25% extrapolation) and t1/2 essentially identical to reported value for Day 14 dosing. 2-fold accumulation observed."
678,Ixazomib,25325301,PMC4220649,PMC4220649,Steady-state volume of distribution,3.61,L/kg,,,Ixazomib IV 3.11 mg/m2; Lombardo digitizes day-1 Figure 1a (N=5). Day-15 half-lives are separately identified.,derived_from_paper,plasma concentration-time profiles of ixazomib,L44-L61,https://paperclip.gxl.ai/citations/papers/PMC4220649#L44-L61,"Vss is not tabulated; Lombardo calculates it from the digitized day-1 curve. Paperclip lists the Figure 1 image containing panel a. The image has not yet been visually inspected. The CSV snippet was extracted from Paperclip text or captions. The curve has not been re-digitized and Lombardo’s calculation has not been independently reproduced. Lombardo comments: MLN 2238. Data digitized from curve in Figure 1a. N=5, 3.11 mg/m2 dose. Only AUC 0-168h reported (1680 ng.hr/mL and calculated value was 1886 ng.hr/mL, corresponding to a ratio calculated/reported of 1.12). Cearance calculated with AUCinf (2547 ng.hr/mL or 25% extrapolation) and t1/2 essentially identical to reported value for Day 14 dosing. 2-fold accumulation observed."
678,Ixazomib,25325301,PMC4220649,PMC4220649,Terminal half-life,97.0,h,97.9; 120,"h (day 15, individual values)",Ixazomib IV 3.11 mg/m2; Lombardo digitizes day-1 Figure 1a (N=5). Day-15 half-lives are separately identified.,derived_from_paper,"108 (19) | 97.9, 120",L149-L165,https://paperclip.gxl.ai/citations/papers/PMC4220649#L149-L165,"These are two day-15 values at 3.11 mg/m2, not a day-1 mean of 97 h. Lombardo derives day-1 half-life and compares it with repeat-dose results; the source table says day 15, not day 14. Paperclip lists the Figure 1 image containing panel a. The image has not yet been visually inspected. The CSV snippet was extracted from Paperclip text or captions. The curve has not been re-digitized and Lombardo’s calculation has not been independently reproduced. Lombardo comments: MLN 2238. Data digitized from curve in Figure 1a. N=5, 3.11 mg/m2 dose. Only AUC 0-168h reported (1680 ng.hr/mL and calculated value was 1886 ng.hr/mL, corresponding to a ratio calculated/reported of 1.12). Cearance calculated with AUCinf (2547 ng.hr/mL or 25% extrapolation) and t1/2 essentially identical to reported value for Day 14 dosing. 2-fold accumulation observed."
678,Ixazomib,27196567,PMC5084759,PMC5084759,Fraction unbound in plasma,0.01,fraction,approximately 99,% bound,"Ixazomib; single 3 mg oral dose in patients with normal renal function, severe renal impairment or ESRD; binding evidence only.",derived_from_paper,mean fraction bound of approximately 99%,L91,https://paperclip.gxl.ai/citations/papers/PMC5084759#L91,"Convert bound percentage to fraction unbound: 1 - 0.99 ≈ 0.01. This supports the approximate Lombardo fraction, not a directly quoted fu value. Lombardo comments: MLN 2238. Data digitized from curve in Figure 1a. N=5, 3.11 mg/m2 dose. Only AUC 0-168h reported (1680 ng.hr/mL and calculated value was 1886 ng.hr/mL, corresponding to a ratio calculated/reported of 1.12). Cearance calculated with AUCinf (2547 ng.hr/mL or 25% extrapolation) and t1/2 essentially identical to reported value for Day 14 dosing. 2-fold accumulation observed."
690,KW-2478,26695442,PMC4716540,PMC4716540,Clearance,6.87,mL/min/kg,14 mg/m2: 28.9 (11.1); 99 mg/m2: 42.7 (12.5); 132 mg/m2: 35.0 (9.99); 176 mg/m2: 32.8 (10.7),L/h,"KW-2478; day 1, 14/99/132/176 mg/m2 cohorts selected by Lombardo, with N=3/3/6/6.",derived_from_paper,CL (l h–1) | 1 | 28.9±11.1 | 23.1±15.9 | 34.9±8.35 | 43.0±6.80 | 42.7±12.5 | 35.0±9.99 | 32.8±10.7,L118-L134,https://paperclip.gxl.ai/citations/papers/PMC4716540#L118-L134,"Lombardo recalculates PK using simultaneous fits to digitized dose profiles, then subject-weights and normalizes; it is not a direct table transcription. Paperclip lists the Figure 1 image of concentration-time profiles. The image has not yet been visually inspected. The CSV snippet was extracted from Paperclip text or captions. The curve has not been re-digitized and Lombardo’s calculation has not been independently reproduced. Lombardo comments:  Data digitized across 4 doses (14, 99, 132, 176 mg/m2) and simultaneously fit via Phoenix. Then data weight-averaged by number of subjects. As an example, reported AUCinf 992 and 11501 ng.hr.mL-1 at 14 and 176 mg/m2. Calculated 970 and 11351  ng.hr.mL-1 at the same doses. Doses (N)in mg/m2:  14 (3), 99 (3), 132 (6), 176 (6). 1.73m2/70 conersion factor used. May have resulted in slightly different clearance but was kept as such for consistency."
690,KW-2478,26695442,PMC4716540,PMC4716540,Mean residence time,3.21,h,,,"KW-2478; day 1, 14/99/132/176 mg/m2 cohorts selected by Lombardo, with N=3/3/6/6.",derived_from_paper,Mean plasma KW-2478 concentration,L64,https://paperclip.gxl.ai/citations/papers/PMC4716540#L64,"MRT is not reported; Lombardo derives it from fitted digitized profiles. Paperclip lists the Figure 1 image of concentration-time profiles. The image has not yet been visually inspected. The CSV snippet was extracted from Paperclip text or captions. The curve has not been re-digitized and Lombardo’s calculation has not been independently reproduced. Lombardo comments:  Data digitized across 4 doses (14, 99, 132, 176 mg/m2) and simultaneously fit via Phoenix. Then data weight-averaged by number of subjects. As an example, reported AUCinf 992 and 11501 ng.hr.mL-1 at 14 and 176 mg/m2. Calculated 970 and 11351  ng.hr.mL-1 at the same doses. Doses (N)in mg/m2:  14 (3), 99 (3), 132 (6), 176 (6). 1.73m2/70 conersion factor used. May have resulted in slightly different clearance but was kept as such for consistency."
690,KW-2478,26695442,PMC4716540,PMC4716540,Steady-state volume of distribution,1.32,L/kg,,,"KW-2478; day 1, 14/99/132/176 mg/m2 cohorts selected by Lombardo, with N=3/3/6/6.",derived_from_paper,Mean plasma KW-2478 concentration,L64,https://paperclip.gxl.ai/citations/papers/PMC4716540#L64,"Vss is absent from Table 3; Lombardo derives it by fitting digitized concentration-time profiles. Paperclip lists the Figure 1 image of concentration-time profiles. The image has not yet been visually inspected. The CSV snippet was extracted from Paperclip text or captions. The curve has not been re-digitized and Lombardo’s calculation has not been independently reproduced. Lombardo comments:  Data digitized across 4 doses (14, 99, 132, 176 mg/m2) and simultaneously fit via Phoenix. Then data weight-averaged by number of subjects. As an example, reported AUCinf 992 and 11501 ng.hr.mL-1 at 14 and 176 mg/m2. Calculated 970 and 11351  ng.hr.mL-1 at the same doses. Doses (N)in mg/m2:  14 (3), 99 (3), 132 (6), 176 (6). 1.73m2/70 conersion factor used. May have resulted in slightly different clearance but was kept as such for consistency."
690,KW-2478,26695442,PMC4716540,PMC4716540,Terminal half-life,5.94,h,14 mg/m2: 6.05 (0.37); 99 mg/m2: 5.83 (0.14); 132 mg/m2: 5.71 (0.61); 176 mg/m2: 5.43 (0.39),h,"KW-2478; day 1, 14/99/132/176 mg/m2 cohorts selected by Lombardo, with N=3/3/6/6.",derived_from_paper,t½ (h) | 1 | 6.05±0.37 | 6.48±0.96 | 6.60±0.69 | 6.29±0.93 | 5.83±0.14 | 5.71±0.61 | 5.43±0.39,L118-L134,https://paperclip.gxl.ai/citations/papers/PMC4716540#L118-L134,"Lombardo derives and aggregates its own fits; 5.94 h is not a directly reported dose-group value. Paperclip lists the Figure 1 image of concentration-time profiles. The image has not yet been visually inspected. The CSV snippet was extracted from Paperclip text or captions. The curve has not been re-digitized and Lombardo’s calculation has not been independently reproduced. Lombardo comments:  Data digitized across 4 doses (14, 99, 132, 176 mg/m2) and simultaneously fit via Phoenix. Then data weight-averaged by number of subjects. As an example, reported AUCinf 992 and 11501 ng.hr.mL-1 at 14 and 176 mg/m2. Calculated 970 and 11351  ng.hr.mL-1 at the same doses. Doses (N)in mg/m2:  14 (3), 99 (3), 132 (6), 176 (6). 1.73m2/70 conersion factor used. May have resulted in slightly different clearance but was kept as such for consistency."
748,Lurtotecan,8611374,PMC2074382,PMC2074382,Clearance,25.07,mL/min/kg,1014 (177.0),mL/min/m2,GI147211 lactone; day 1 of first course; 0.3-1.5 mg/m2 IV over 30 minutes; reported overall mean (SD).,derived_from_paper,1014+ 177.0 ml min - m-2,L7,https://paperclip.gxl.ai/citations/papers/PMC2074382#L7,"Lombardo normalizes the reported mean using 1.73 m2/70 kg. Lombardo comments: GG211 or GI147211. NX211. Quantitation of lactone form. Weight averaged value across several doses, from Table IV (Day 1). N=17 overall. 1.73m2/70 kg factor used."
748,Lurtotecan,8611374,PMC2074382,PMC2074382,Mean residence time,3.5,h,3.53 (0.93),h,GI147211 lactone; day 1 of first course; 0.3-1.5 mg/m2 IV over 30 minutes; reported overall mean (SD).,derived_from_paper,(MRT) was 3.53+0.93 h,L7,https://paperclip.gxl.ai/citations/papers/PMC2074382#L7,"Lombardo rounds the reported mean to 3.5 h. Lombardo comments: GG211 or GI147211. NX211. Quantitation of lactone form. Weight averaged value across several doses, from Table IV (Day 1). N=17 overall. 1.73m2/70 kg factor used."
748,Lurtotecan,8611374,PMC2074382,PMC2074382,Steady-state volume of distribution,4.77,L/kg,193 (45.9),L/m2,GI147211 lactone; day 1 of first course; 0.3-1.5 mg/m2 IV over 30 minutes; reported overall mean (SD).,derived_from_paper,V&5 was 193+ 45.9 1 m-2,L7,https://paperclip.gxl.ai/citations/papers/PMC2074382#L7,"OCR renders Vdss as V&5. Lombardo normalizes the mean using 1.73 m2/70 kg. Lombardo comments: GG211 or GI147211. NX211. Quantitation of lactone form. Weight averaged value across several doses, from Table IV (Day 1). N=17 overall. 1.73m2/70 kg factor used."
748,Lurtotecan,8611374,PMC2074382,PMC2074382,Terminal half-life,3.54,h,3.54 (0.99),h,GI147211 lactone; day 1 of first course; 0.3-1.5 mg/m2 IV over 30 minutes; reported overall mean (SD).,directly_reported,t1/2 was 3.54+0.99 h,L7,https://paperclip.gxl.ai/citations/papers/PMC2074382#L7,"Reported mean equals the Lombardo value. Lombardo comments: GG211 or GI147211. NX211. Quantitation of lactone form. Weight averaged value across several doses, from Table IV (Day 1). N=17 overall. 1.73m2/70 kg factor used."
865,Nemorubicin,9459159,PMC2151269,PMC2151269,Clearance,15.32,mL/min/kg,37.2 (7.3),L/h/m2,"MMRDX; first cycle, 1.5 mg/m2; 11 patients; Table 5 mean (SD).",derived_from_paper,Clearance 37.2 + 7.3,L7,https://paperclip.gxl.ai/citations/papers/PMC2151269#L7,"Lombardo converts L/h/m2 to mL/min/kg using 1.73 m2/70 kg. Lombardo comments: FCE23762.  PNU-152243A, MMRDX. 1.5 mg/m2, N=11, 1.73 m2/70 kg factor used. Data from Table 5."
865,Nemorubicin,9459159,PMC2151269,PMC2151269,Mean residence time,53.3,h,,,"MMRDX; first cycle, 1.5 mg/m2; 11 patients; Table 5 mean (SD).",derived_from_paper,Clearance 37.2 + 7.3,L7,https://paperclip.gxl.ai/citations/papers/PMC2151269#L7,"MRT is not tabulated. Lombardo MRT is consistent with Vss/CL (1983/37.2 = 53.31 h). Excerpt identifies an input, not a reported MRT. Lombardo comments: FCE23762.  PNU-152243A, MMRDX. 1.5 mg/m2, N=11, 1.73 m2/70 kg factor used. Data from Table 5."
865,Nemorubicin,9459159,PMC2151269,PMC2151269,Steady-state volume of distribution,49.0,L/kg,1983 (611),L/m2,"MMRDX; first cycle, 1.5 mg/m2; 11 patients; Table 5 mean (SD).",derived_from_paper,V.. 1983?611,L7,https://paperclip.gxl.ai/citations/papers/PMC2151269#L7,"Table 5 OCR obscures the Vss subscript; the discussion identifies the large steady-state volume. Lombardo converts using 1.73 m2/70 kg. Lombardo comments: FCE23762.  PNU-152243A, MMRDX. 1.5 mg/m2, N=11, 1.73 m2/70 kg factor used. Data from Table 5."
865,Nemorubicin,9459159,PMC2151269,PMC2151269,Terminal half-life,49.2,h,49.2 (20.2),h,"MMRDX; first cycle, 1.5 mg/m2; 11 patients; Table 5 mean (SD).",directly_reported,"t'12,Y 49.2 ? 20.2 (h)",L7,https://paperclip.gxl.ai/citations/papers/PMC2151269#L7,"Terminal phase in Table 5; mean equals the Lombardo value. Lombardo comments: FCE23762.  PNU-152243A, MMRDX. 1.5 mg/m2, N=11, 1.73 m2/70 kg factor used. Data from Table 5."
903,Omadacycline,27736760,PMC5119026,PMC5119026,Clearance,2.34,mL/min/kg,,,Omadacycline; 100 mg IV over 30 minutes; N=21; mean weight 75.8 kg; Table 3 IV column.,derived_from_paper,AUC∞ (μg · h/ml) | 10.0 ± 1.5,L62-L78,https://paperclip.gxl.ai/citations/papers/PMC5119026#L62-L78,"No clearance value is tabulated. Lombardo recalculates it from the digitized concentration-time curve with AUCinf 9.4 rather than reported 10.0. Snippet supplies a reported comparison input only. Paperclip lists the Figure 1 image of concentration-time profiles. The image has not yet been visually inspected. The CSV snippet was extracted from Paperclip text or captions. The curve has not been re-digitized and Lombardo’s calculation has not been independently reproduced. Lombardo comments: PTK 0796. Amadacycline.  N=21, 75.8 kg average weight, 100 mg dose as 30' infusion. Data digitized and calculation performed via PKSolver. AUCinf.  reported as 10 ug.h.mL-1; AUCinf calculated as 9.4 ug.h.mL-1. 6% difference."
903,Omadacycline,27736760,PMC5119026,PMC5119026,Mean residence time,19.24,h,,,Omadacycline; 100 mg IV over 30 minutes; N=21; mean weight 75.8 kg; Table 3 IV column.,derived_from_paper,Arithmetic mean (SD) plasma concentration-time profiles,L62,https://paperclip.gxl.ai/citations/papers/PMC5119026#L62,"MRT is not tabulated; Lombardo calculates it from the digitized IV profile. Paperclip lists the Figure 1 image of concentration-time profiles. The image has not yet been visually inspected. The CSV snippet was extracted from Paperclip text or captions. The curve has not been re-digitized and Lombardo’s calculation has not been independently reproduced. Lombardo comments: PTK 0796. Amadacycline.  N=21, 75.8 kg average weight, 100 mg dose as 30' infusion. Data digitized and calculation performed via PKSolver. AUCinf.  reported as 10 ug.h.mL-1; AUCinf calculated as 9.4 ug.h.mL-1. 6% difference."
903,Omadacycline,27736760,PMC5119026,PMC5119026,Steady-state volume of distribution,2.7,L/kg,,,Omadacycline; 100 mg IV over 30 minutes; N=21; mean weight 75.8 kg; Table 3 IV column.,derived_from_paper,Arithmetic mean (SD) plasma concentration-time profiles,L62,https://paperclip.gxl.ai/citations/papers/PMC5119026#L62,"Vss is not tabulated; Lombardo calculates it from the digitized IV profile. Paperclip lists the Figure 1 image of concentration-time profiles. The image has not yet been visually inspected. The CSV snippet was extracted from Paperclip text or captions. The curve has not been re-digitized and Lombardo’s calculation has not been independently reproduced. Lombardo comments: PTK 0796. Amadacycline.  N=21, 75.8 kg average weight, 100 mg dose as 30' infusion. Data digitized and calculation performed via PKSolver. AUCinf.  reported as 10 ug.h.mL-1; AUCinf calculated as 9.4 ug.h.mL-1. 6% difference."
903,Omadacycline,27736760,PMC5119026,PMC5119026,Terminal half-life,15.0,h,16.8 (1.6),h,Omadacycline; 100 mg IV over 30 minutes; N=21; mean weight 75.8 kg; Table 3 IV column.,derived_from_paper,t1/2 (h) | 16.8 ± 1.6,L63-L78,https://paperclip.gxl.ai/citations/papers/PMC5119026#L63-L78,"Reported IV half-life differs from Lombardo 15 h calculated from a digitized curve. Paperclip lists the Figure 1 image of concentration-time profiles. The image has not yet been visually inspected. The CSV snippet was extracted from Paperclip text or captions. The curve has not been re-digitized and Lombardo’s calculation has not been independently reproduced. Lombardo comments: PTK 0796. Amadacycline.  N=21, 75.8 kg average weight, 100 mg dose as 30' infusion. Data digitized and calculation performed via PKSolver. AUCinf.  reported as 10 ug.h.mL-1; AUCinf calculated as 9.4 ug.h.mL-1. 6% difference."
905,Ombrabulin,24477603,PMC3931931,PMC3931931,Clearance,22.6,mL/min/kg,95.2 (31.3),L/h,"Ombrabulin parent, not metabolite RPR258063; 30-minute IV infusion, 15.5-50 mg/m2; total mean (SD) in Table 3.",derived_from_paper,95.2 ± 31.3,L101-L117,https://paperclip.gxl.ai/citations/papers/PMC3931931#L101-L117,Lombardo normalizes the total mean using 70 kg. Lombardo comments: AVE8062. Weighted average of data reported in ref. 30' infusion. 70 kg average weight assumed. Dose range 15.5 to 50 mg/m2.
905,Ombrabulin,24477603,PMC3931931,PMC3931931,Mean residence time,0.32,h,,,"Ombrabulin parent, not metabolite RPR258063; 30-minute IV infusion, 15.5-50 mg/m2; total mean (SD) in Table 3.",derived_from_paper,95.2 ± 31.3,L101-L117,https://paperclip.gxl.ai/citations/papers/PMC3931931#L101-L117,MRT is not reported; 30.9/95.2 ≈ 0.325 h reproduces the derived Lombardo value. Lombardo comments: AVE8062. Weighted average of data reported in ref. 30' infusion. 70 kg average weight assumed. Dose range 15.5 to 50 mg/m2.
905,Ombrabulin,24477603,PMC3931931,PMC3931931,Steady-state volume of distribution,0.44,L/kg,30.9 (9.59),L,"Ombrabulin parent, not metabolite RPR258063; 30-minute IV infusion, 15.5-50 mg/m2; total mean (SD) in Table 3.",derived_from_paper,30.9 ± 9.59,L101-L117,https://paperclip.gxl.ai/citations/papers/PMC3931931#L101-L117,Lombardo normalizes the total mean using 70 kg. Lombardo comments: AVE8062. Weighted average of data reported in ref. 30' infusion. 70 kg average weight assumed. Dose range 15.5 to 50 mg/m2.
905,Ombrabulin,24477603,PMC3931931,PMC3931931,Terminal half-life,0.26,h,15.7 (4.41),min,"Ombrabulin parent, not metabolite RPR258063; 30-minute IV infusion, 15.5-50 mg/m2; total mean (SD) in Table 3.",derived_from_paper,15.7 ± 4.41,L101-L117,https://paperclip.gxl.ai/citations/papers/PMC3931931#L101-L117,Lombardo converts the parent terminal half-life from minutes to hours. Lombardo comments: AVE8062. Weighted average of data reported in ref. 30' infusion. 70 kg average weight assumed. Dose range 15.5 to 50 mg/m2.
969,Phenoxodiol,21291562,PMC3045896,PMC3045896,Clearance,59.1,mL/min/kg,2.48 (2.33),L/h (as printed),"Free phenoxodiol only; six patients; 5 mg/kg IV over five minutes; Table 1, mean (SD).",not_located,2.48 ± 2.33,L50-L59,https://paperclip.gxl.ai/citations/papers/PMC3045896#L50-L59,"The printed table value and unit do not reconcile with Lombardo 59.1 mL/min/kg under the stated 70 kg assumption. Preserve the paper value as printed; normalization/unit discrepancy unresolved. Lombardo comments: NV06. Data for the free form ONLY. Average clearance, VDss and t1/2 reported for N=6 subjects administered 5 mg/kg as iv bolus. 70 kg assumed. MRT from VDss and clearance."
969,Phenoxodiol,21291562,PMC3045896,PMC3045896,Mean residence time,0.44,h,,,"Free phenoxodiol only; six patients; 5 mg/kg IV over five minutes; Table 1, mean (SD).",derived_from_paper,1.55 ± 0.69,L50-L59,https://paperclip.gxl.ai/citations/papers/PMC3045896#L50-L59,"MRT is not directly reported. Lombardo calculates Vss/CL; the unresolved clearance-unit discrepancy also affects interpretation of this derived value. Lombardo comments: NV06. Data for the free form ONLY. Average clearance, VDss and t1/2 reported for N=6 subjects administered 5 mg/kg as iv bolus. 70 kg assumed. MRT from VDss and clearance."
969,Phenoxodiol,21291562,PMC3045896,PMC3045896,Steady-state volume of distribution,1.55,L/kg,1.55 (0.69),L/kg,"Free phenoxodiol only; six patients; 5 mg/kg IV over five minutes; Table 1, mean (SD).",directly_reported,1.55 ± 0.69,L49-L59,https://paperclip.gxl.ai/citations/papers/PMC3045896#L49-L59,"L49 identifies the table Vd as steady-state volume; the reported mean equals Lombardo. Lombardo comments: NV06. Data for the free form ONLY. Average clearance, VDss and t1/2 reported for N=6 subjects administered 5 mg/kg as iv bolus. 70 kg assumed. MRT from VDss and clearance."
969,Phenoxodiol,21291562,PMC3045896,PMC3045896,Terminal half-life,0.67,h,0.67 (0.53),h,"Free phenoxodiol only; six patients; 5 mg/kg IV over five minutes; Table 1, mean (SD).",directly_reported,0.67 ± 0.53,L50-L59,https://paperclip.gxl.ai/citations/papers/PMC3045896#L50-L59,"Reported free-form terminal half-life equals Lombardo. Lombardo comments: NV06. Data for the free form ONLY. Average clearance, VDss and t1/2 reported for N=6 subjects administered 5 mg/kg as iv bolus. 70 kg assumed. MRT from VDss and clearance."
974,Phylloquinone,22864379,PMC3572390,PMC3572390,Clearance,1.6,mL/min/kg,GG: 118 (32); AG: 104 (19); AA: 109 (33),mL/min,Phylloquinone; IV administration; VKORC1 GG/AG/AA genotype groups; total N=30; Table 1.,derived_from_paper,CL (mL min-1) | 118 ± 32 | 104 ± 19 | 109 ± 33 | n.s.,L41-L65,https://paperclip.gxl.ai/citations/papers/PMC3572390#L41-L65,Lombardo averages the three genotype groups and assumes 70 kg. Lombardo comments: Data averaged across three genotypes having no significant differences. N=30 overall. 70 kg weight assumed. MRT from Vss and clearance.
974,Phylloquinone,22864379,PMC3572390,PMC3572390,Mean residence time,3.3,h,,,Phylloquinone; IV administration; VKORC1 GG/AG/AA genotype groups; total N=30; Table 1.,derived_from_paper,CL (mL min-1) | 118 ± 32,L57-L65,https://paperclip.gxl.ai/citations/papers/PMC3572390#L57-L65,No numeric MRT is reported; Lombardo calculates it from averaged Vss and CL. Lombardo comments: Data averaged across three genotypes having no significant differences. N=30 overall. 70 kg weight assumed. MRT from Vss and clearance.
974,Phylloquinone,22864379,PMC3572390,PMC3572390,Steady-state volume of distribution,0.32,L/kg,GG: 23 (8); AG: 25 (13); AA: 19 (5),L,Phylloquinone; IV administration; VKORC1 GG/AG/AA genotype groups; total N=30; Table 1.,derived_from_paper,Vss (L) | 23 ± 8 | 25 ± 13 | 19 ± 5 | n.s.,L41-L65,https://paperclip.gxl.ai/citations/papers/PMC3572390#L41-L65,Lombardo averages the three genotype groups and assumes 70 kg. Lombardo comments: Data averaged across three genotypes having no significant differences. N=30 overall. 70 kg weight assumed. MRT from Vss and clearance.
974,Phylloquinone,22864379,PMC3572390,PMC3572390,Terminal half-life,7.3,h,GG: 436 (186); AG: 492 (385); AA: 383 (114),min,Phylloquinone; IV administration; VKORC1 GG/AG/AA genotype groups; total N=30; Table 1.,derived_from_paper,t½ (min) | 436 ± 186 | 492 ± 385 | 383 ± 114 | n.s.,L41-L65,https://paperclip.gxl.ai/citations/papers/PMC3572390#L41-L65,Lombardo averages groups and converts minutes to hours; the discussion also states a mean IV half-life of 7.3 h. Lombardo comments: Data averaged across three genotypes having no significant differences. N=30 overall. 70 kg weight assumed. MRT from Vss and clearance.
1002,PR-104,21982454,PMC3205073,PMC3205073,Clearance,44.8,mL/min/kg,107,L/h/m2,"PR-104 parent pre-prodrug, not PR-104A; cycle 1 day 1, IV 135-900 mg/m2; 25 PK-evaluable patients.",derived_from_paper,"mean Cl, 107 L/h/m2",L110-L119,https://paperclip.gxl.ai/citations/papers/PMC3205073#L110-L119,The article reports an overall mean; Lombardo instead weights dose-level means from Table 5 then normalizes to body weight. Lombardo comments: Phosphate pre-prodrug. Weighted average across 135-900  mg/m2 doses. N= 25 total patients. 1hr intravenous infusion of day 1 of cycle 1. MRT calculated from VDss and clearance averages.
1002,PR-104,21982454,PMC3205073,PMC3205073,Mean residence time,0.32,h,,,"PR-104 parent pre-prodrug, not PR-104A; cycle 1 day 1, IV 135-900 mg/m2; 25 PK-evaluable patients.",derived_from_paper,"mean Cl, 107 L/h/m2",L110-L119,https://paperclip.gxl.ai/citations/papers/PMC3205073#L110-L119,No numeric MRT is reported; Lombardo calculates MRT from its averaged Vss and CL. Lombardo comments: Phosphate pre-prodrug. Weighted average across 135-900  mg/m2 doses. N= 25 total patients. 1hr intravenous infusion of day 1 of cycle 1. MRT calculated from VDss and clearance averages.
1002,PR-104,21982454,PMC3205073,PMC3205073,Steady-state volume of distribution,0.86,L/kg,35.8,L/m2,"PR-104 parent pre-prodrug, not PR-104A; cycle 1 day 1, IV 135-900 mg/m2; 25 PK-evaluable patients.",derived_from_paper,"mean Vdss, 35.8 L/m2",L110-L119,https://paperclip.gxl.ai/citations/papers/PMC3205073#L110-L119,The article reports an overall mean; Lombardo weights dose-level means from Table 5 then normalizes to body weight. Lombardo comments: Phosphate pre-prodrug. Weighted average across 135-900  mg/m2 doses. N= 25 total patients. 1hr intravenous infusion of day 1 of cycle 1. MRT calculated from VDss and clearance averages.
1002,PR-104,21982454,PMC3205073,PMC3205073,Terminal half-life,0.1,h,0.10,h,"PR-104 parent pre-prodrug, not PR-104A; cycle 1 day 1, IV 135-900 mg/m2; 25 PK-evaluable patients.",directly_reported,"mean t1/2, 0.10 h",L110-L119,https://paperclip.gxl.ai/citations/papers/PMC3205073#L110-L119,"The reported overall mean equals the Lombardo value, whose comments specify dose-weighted aggregation. Lombardo comments: Phosphate pre-prodrug. Weighted average across 135-900  mg/m2 doses. N= 25 total patients. 1hr intravenous infusion of day 1 of cycle 1. MRT calculated from VDss and clearance averages."
1187,Telcagepant,21221171,PMC3015066,PMC3015066,Clearance,5.8,mL/min/kg,5 mg: 32.50; 10 mg: 23.03; 25 mg: 27.73; 50 mg: 21.84; 100 mg: 24.76; 175 mg: 22.95; 250 mg: 18.23,L/h,Telcagepant; single IV doses 5/10/25/50/100/175/250 mg; N=10 per dose; Table 3.,derived_from_paper,Cl (L/h)† | 32.50 | 26 | 23.03 | 18 | 27.73 | 27 | 21.84 | 26 | 24.76 | 28 | 22.95 | 31 | 18.23 | 32,L69-L80,https://paperclip.gxl.ai/citations/papers/PMC3015066#L69-L80,"Table alternates mean and CV. Lombardo averages all seven dose means and assumes 70 kg. Lombardo comments: MK-0974. 70 kg average weight assumed. Weighted average across all 7 doses from 5 mg to  250 mg (N=10 for each one).  t1/2 calculated only from 4 doses from 50 to 250 
MRT calculated from VD and CL
Microdose?"
1187,Telcagepant,21221171,PMC3015066,PMC3015066,Mean residence time,2.5,h,,,Telcagepant; single IV doses 5/10/25/50/100/175/250 mg; N=10 per dose; Table 3.,derived_from_paper,Cl (L/h)† | 32.50,L69-L80,https://paperclip.gxl.ai/citations/papers/PMC3015066#L69-L80,"No numeric MRT is tabulated. Lombardo calculates it from the averaged Vss and clearance. Lombardo comments: MK-0974. 70 kg average weight assumed. Weighted average across all 7 doses from 5 mg to  250 mg (N=10 for each one).  t1/2 calculated only from 4 doses from 50 to 250 
MRT calculated from VD and CL
Microdose?"
1187,Telcagepant,21221171,PMC3015066,PMC3015066,Steady-state volume of distribution,0.86,L/kg,5 mg: 47.20; 10 mg: 37.68; 25 mg: 50.70; 50 mg: 70.58; 100 mg: 70.16; 175 mg: 81.79; 250 mg: 65.62,L,Telcagepant; single IV doses 5/10/25/50/100/175/250 mg; N=10 per dose; Table 3.,derived_from_paper,"Vd,ss (L)† | 47.20 | 26 | 37.68 | 38 | 50.70 | 27 | 70.58 | 31 | 70.16 | 55 | 81.79 | 39 | 65.62 | 41",L69-L80,https://paperclip.gxl.ai/citations/papers/PMC3015066#L69-L80,"Table alternates mean and CV. Lombardo averages all seven dose means and assumes 70 kg. Lombardo comments: MK-0974. 70 kg average weight assumed. Weighted average across all 7 doses from 5 mg to  250 mg (N=10 for each one).  t1/2 calculated only from 4 doses from 50 to 250 
MRT calculated from VD and CL
Microdose?"
1187,Telcagepant,21221171,PMC3015066,PMC3015066,Terminal half-life,8.2,h,50 mg: 7.7; 100 mg: 7.8; 175 mg: 8.2; 250 mg: 9.1,h,Telcagepant; single IV doses 5/10/25/50/100/175/250 mg; N=10 per dose; Table 3.,derived_from_paper,t1/2 (h) ‡ | 1.2 | 0.2 | 1.6 | 0.5 | 2.3 | 1.2 | 7.7 | 9.2 | 7.8 | 3.3 | 8.2 | 3.2 | 9.1 | 1.9,L69-L80,https://paperclip.gxl.ai/citations/papers/PMC3015066#L69-L80,"Lombardo averages the four higher-dose harmonic means; the second number in each pair is pseudo-SD. Lombardo comments: MK-0974. 70 kg average weight assumed. Weighted average across all 7 doses from 5 mg to  250 mg (N=10 for each one).  t1/2 calculated only from 4 doses from 50 to 250 
MRT calculated from VD and CL
Microdose?"
1298,Velcalcetide,24235081,PMC3910343,PMC3910343,Clearance,1.67,mL/min/kg,0.5 mg: 5.34; 2 mg: 6.83; 5 mg: 8.07; 10 mg: 7.80,L/h,Velcalcetide; healthy men; single IV doses 0.5/2/5/10 mg; 24 treated subjects; geometric means in Table 2.,derived_from_paper,5.34 (13.0) | 112 (18.0) | 19.4 (6.9),L114-L120,https://paperclip.gxl.ai/citations/papers/PMC3910343#L114-L120,"Snippet is the 0.5 mg row; cited range contains all dose means. Lombardo averages dose means and assumes 70 kg. Lombardo comments: AMG416, Etelcalcetide. N=24 across 4 doses (0.5, 2, 5 and 10 mg). 70 kg assumed and MRT from VDss and clearance."
1298,Velcalcetide,24235081,PMC3910343,PMC3910343,Mean residence time,19.9,h,,,Velcalcetide; healthy men; single IV doses 0.5/2/5/10 mg; 24 treated subjects; geometric means in Table 2.,derived_from_paper,"CL, total plasma clearance",L114-L120,https://paperclip.gxl.ai/citations/papers/PMC3910343#L114-L120,"No numeric MRT in Table 2; Lombardo derives it from averaged Vss and CL. Lombardo comments: AMG416, Etelcalcetide. N=24 across 4 doses (0.5, 2, 5 and 10 mg). 70 kg assumed and MRT from VDss and clearance."
1298,Velcalcetide,24235081,PMC3910343,PMC3910343,Steady-state volume of distribution,1.98,L/kg,0.5 mg: 112; 2 mg: 136; 5 mg: 159; 10 mg: 150,L,Velcalcetide; healthy men; single IV doses 0.5/2/5/10 mg; 24 treated subjects; geometric means in Table 2.,derived_from_paper,5.34 (13.0) | 112 (18.0) | 19.4 (6.9),L114-L120,https://paperclip.gxl.ai/citations/papers/PMC3910343#L114-L120,"Snippet is the 0.5 mg row; cited range contains all dose means. Lombardo averages dose means and assumes 70 kg. Lombardo comments: AMG416, Etelcalcetide. N=24 across 4 doses (0.5, 2, 5 and 10 mg). 70 kg assumed and MRT from VDss and clearance."
1298,Velcalcetide,24235081,PMC3910343,PMC3910343,Terminal half-life,19.05,h,0.5 mg: 19.4; 2 mg: 20.0; 5 mg: 18.5; 10 mg: 18.3,h,Velcalcetide; healthy men; single IV doses 0.5/2/5/10 mg; 24 treated subjects; geometric means in Table 2.,derived_from_paper,5.34 (13.0) | 112 (18.0) | 19.4 (6.9),L114-L120,https://paperclip.gxl.ai/citations/papers/PMC3910343#L114-L120,"Mean of the four table values is 19.05 h; the prose range has a slightly different lower bound. Lombardo comments: AMG416, Etelcalcetide. N=24 across 4 doses (0.5, 2, 5 and 10 mg). 70 kg assumed and MRT from VDss and clearance."
1305,Vestipitant,26097793,PMC4467239,PMC4467239,Clearance,5.09,mL/min/kg,24.6; 26.1; 17.1; 24.5; 23.0; 18.0; 16.4,"L/h (geometric means, cohort order)","Vestipitant; Captisol formulation; 41 subjects; seven IV cohorts ordered as 12 mg/2 min, 18 mg/2 min, 24 mg/2 min, 24 mg/1 min, 24 mg/0.5 min, 36 mg/0.5 min, 48 mg/0.5 min.",derived_from_paper,24.6 (33.3) [25.7 ± 8.28],L91-L101,https://paperclip.gxl.ai/citations/papers/PMC4467239#L91-L101,"Snippet shows first cohort geometric mean (CV) and arithmetic mean (SD); full cited table gives all cohorts. Lombardo aggregates cohorts and assumes 70 kg. Lombardo comments: Average across 41 subjects, doses from 12 to 48 mg, very short infusion time and variable solution volume. 70 dose assumed, MRT from clearance and VDss. Formulated in Captisol.™"
1305,Vestipitant,26097793,PMC4467239,PMC4467239,Mean residence time,12.8,h,,,"Vestipitant; Captisol formulation; 41 subjects; seven IV cohorts ordered as 12 mg/2 min, 18 mg/2 min, 24 mg/2 min, 24 mg/1 min, 24 mg/0.5 min, 36 mg/0.5 min, 48 mg/0.5 min.",derived_from_paper,24.6 (33.3) [25.7 ± 8.28],L91-L101,https://paperclip.gxl.ai/citations/papers/PMC4467239#L91-L101,"No numeric MRT is tabulated; Lombardo derives it from averaged Vss and CL. Lombardo comments: Average across 41 subjects, doses from 12 to 48 mg, very short infusion time and variable solution volume. 70 dose assumed, MRT from clearance and VDss. Formulated in Captisol.™"
1305,Vestipitant,26097793,PMC4467239,PMC4467239,Steady-state volume of distribution,3.8,L/kg,267; 236; 194; 262; 303; 315; 284,"L (geometric means, cohort order)","Vestipitant; Captisol formulation; 41 subjects; seven IV cohorts ordered as 12 mg/2 min, 18 mg/2 min, 24 mg/2 min, 24 mg/1 min, 24 mg/0.5 min, 36 mg/0.5 min, 48 mg/0.5 min.",derived_from_paper,267 (27.6) [275 ± 75.0],L91-L101,https://paperclip.gxl.ai/citations/papers/PMC4467239#L91-L101,"Use Vdss, not adjacent Vz. Lombardo aggregates cohorts and assumes 70 kg; first-cohort snippet is representative. Lombardo comments: Average across 41 subjects, doses from 12 to 48 mg, very short infusion time and variable solution volume. 70 dose assumed, MRT from clearance and VDss. Formulated in Captisol.™"
1305,Vestipitant,26097793,PMC4467239,PMC4467239,Terminal half-life,10.03,h,8.52; 7.25; 9.84; 7.74; 10.2; 13.1; 13.6,"h (geometric means, cohort order)","Vestipitant; Captisol formulation; 41 subjects; seven IV cohorts ordered as 12 mg/2 min, 18 mg/2 min, 24 mg/2 min, 24 mg/1 min, 24 mg/0.5 min, 36 mg/0.5 min, 48 mg/0.5 min.",derived_from_paper,8.52 (39.2) [9.1 ± 3.59],L91-L101,https://paperclip.gxl.ai/citations/papers/PMC4467239#L91-L101,"Lombardo averages cohorts; snippet shows first cohort. The table distinguishes geometric and arithmetic means. Lombardo comments: Average across 41 subjects, doses from 12 to 48 mg, very short infusion time and variable solution volume. 70 dose assumed, MRT from clearance and VDss. Formulated in Captisol.™"
1326,XG-102,25505576,PMC4186400,PMC4186400,Clearance,3.62,mL/min/kg,217 (177.3-264.8),mL/h/kg,"XG-102; 10 microgram/kg IV over one hour; N=6; geometric mean (90% confidence limits), Table 6.",derived_from_paper,CL (mL/h/kg) | 217 (177.3–264.8),L175-L190,https://paperclip.gxl.ai/citations/papers/PMC4186400#L175-L190,"Lombardo converts 217 mL/h/kg to 3.62 mL/min/kg. Its comment says 10 ug/mL and Table 7; the corresponding paper dose is 10 ug/kg and values are in Table 6. Lombardo comments: D-JNK-1. 31 aminoacids, all D forms. 10 ug/mL chosen from Table 7. From the text: The dose normalized pharmacokinetic parameter values shown in Table 7 suggest that Cmax, AUC0–last, and exploratorily AUC0–∞ increase more than in proportion with XG-102 dose in the evaluated dose range."
1326,XG-102,25505576,PMC4186400,PMC4186400,Mean residence time,1.0,h,1.00 (0.79-1.27),h,"XG-102; 10 microgram/kg IV over one hour; N=6; geometric mean (90% confidence limits), Table 6.",directly_reported,MRT (h) | 1.00 (0.79–1.27),L175-L190,https://paperclip.gxl.ai/citations/papers/PMC4186400#L175-L190,"The directly reported geometric mean equals Lombardo. Lombardo comments: D-JNK-1. 31 aminoacids, all D forms. 10 ug/mL chosen from Table 7. From the text: The dose normalized pharmacokinetic parameter values shown in Table 7 suggest that Cmax, AUC0–last, and exploratorily AUC0–∞ increase more than in proportion with XG-102 dose in the evaluated dose range."
1326,XG-102,25505576,PMC4186400,PMC4186400,Steady-state volume of distribution,0.22,L/kg,217 (174-271),mL/kg,"XG-102; 10 microgram/kg IV over one hour; N=6; geometric mean (90% confidence limits), Table 6.",derived_from_paper,Vss (mL/kg) | 217 (174–271),L175-L190,https://paperclip.gxl.ai/citations/papers/PMC4186400#L175-L190,"Lombardo converts 217 mL/kg to 0.217 L/kg and rounds to 0.22. Lombardo comments: D-JNK-1. 31 aminoacids, all D forms. 10 ug/mL chosen from Table 7. From the text: The dose normalized pharmacokinetic parameter values shown in Table 7 suggest that Cmax, AUC0–last, and exploratorily AUC0–∞ increase more than in proportion with XG-102 dose in the evaluated dose range."
1326,XG-102,25505576,PMC4186400,PMC4186400,Terminal half-life,0.57,h,0.57 (0.40-0.81),h,"XG-102; 10 microgram/kg IV over one hour; N=6; geometric mean (90% confidence limits), Table 6.",directly_reported,t½ (h) | 0.57 (0.40–0.81),L175-L190,https://paperclip.gxl.ai/citations/papers/PMC4186400#L175-L190,"The directly reported geometric mean equals Lombardo. Lombardo comments: D-JNK-1. 31 aminoacids, all D forms. 10 ug/mL chosen from Table 7. From the text: The dose normalized pharmacokinetic parameter values shown in Table 7 suggest that Cmax, AUC0–last, and exploratorily AUC0–∞ increase more than in proportion with XG-102 dose in the evaluated dose range."
1336,Zalypsis,22491421,PMC3326684,PMC3326684,Clearance,12.0,mL/min/kg,1 h (0.23/0.45/0.9/1.8/3.0/3.6 mg/m2): 40.2/38.9/51.2/49.9/48.0/35.4; 3 h (1.8/2.3/2.8/3.0/3.5 mg/m2): 43.8/65.1/57.3/50.7/44.5,L/h,PM00104/Zalypsis; first cycle; 1-hour and 3-hour IV infusion schedules; Table 4.,derived_from_paper,0.23 | 3 | 3.31±1.18 | 10.17±0.84 | 40.2±3.9 | 660±62 | 17.2±3.5,L176-L192,https://paperclip.gxl.ai/citations/papers/PMC3326684#L176-L192,"Snippet is the first table row; cited range contains all dose means. Lombardo averages weighted results across schedules and assumes 70 kg. Lombardo comments: two schedules of infusion 1 and 3 hour. N=27 and N=18 respectively. Across multiple doses and 70 kg average weight assumed.  1h schedule calculated values (weighted average) : VDss = 14 L/kg; clearance = 12.3 mL/min/kg, t 1/2 = 22.9 h; MRT (VDss/Cl) = 19 hr//3h schedule calculated values (wighted average) : VDss = 11.2 L/kg; clearance = 11.8 mL/min/kg, t 1/2 = 21.6 h; MRT (VDss/Cl) = 15.9 hr. Very similar values and overall average taken."
1336,Zalypsis,22491421,PMC3326684,PMC3326684,Mean residence time,17.5,h,,,PM00104/Zalypsis; first cycle; 1-hour and 3-hour IV infusion schedules; Table 4.,derived_from_paper,CL=clearance,L176-L192,https://paperclip.gxl.ai/citations/papers/PMC3326684#L176-L192,"MRT is absent from Table 4; Lombardo derives it from clearance and Vss averages. Lombardo comments: two schedules of infusion 1 and 3 hour. N=27 and N=18 respectively. Across multiple doses and 70 kg average weight assumed.  1h schedule calculated values (weighted average) : VDss = 14 L/kg; clearance = 12.3 mL/min/kg, t 1/2 = 22.9 h; MRT (VDss/Cl) = 19 hr//3h schedule calculated values (wighted average) : VDss = 11.2 L/kg; clearance = 11.8 mL/min/kg, t 1/2 = 21.6 h; MRT (VDss/Cl) = 15.9 hr. Very similar values and overall average taken."
1336,Zalypsis,22491421,PMC3326684,PMC3326684,Steady-state volume of distribution,12.6,L/kg,1 h (0.23/0.45/0.9/1.8/3.0/3.6 mg/m2): 660/682/783/868/1038/701; 3 h (1.8/2.3/2.8/3.0/3.5 mg/m2): 674/814/1032/1024/749,L,PM00104/Zalypsis; first cycle; 1-hour and 3-hour IV infusion schedules; Table 4.,derived_from_paper,0.23 | 3 | 3.31±1.18 | 10.17±0.84 | 40.2±3.9 | 660±62 | 17.2±3.5,L176-L192,https://paperclip.gxl.ai/citations/papers/PMC3326684#L176-L192,"Snippet is the first table row; cited range contains all dose means. Lombardo aggregates schedules and normalizes using 70 kg. Lombardo comments: two schedules of infusion 1 and 3 hour. N=27 and N=18 respectively. Across multiple doses and 70 kg average weight assumed.  1h schedule calculated values (weighted average) : VDss = 14 L/kg; clearance = 12.3 mL/min/kg, t 1/2 = 22.9 h; MRT (VDss/Cl) = 19 hr//3h schedule calculated values (wighted average) : VDss = 11.2 L/kg; clearance = 11.8 mL/min/kg, t 1/2 = 21.6 h; MRT (VDss/Cl) = 15.9 hr. Very similar values and overall average taken."
1336,Zalypsis,22491421,PMC3326684,PMC3326684,Terminal half-life,22.2,h,1 h (0.23/0.45/0.9/1.8/3.0/3.6 mg/m2): 17.2/19.3/15.8/17.5/25.8/29.5; 3 h (1.8/2.3/2.8/3.0/3.5 mg/m2): 20.6/13.3/21.9/26.1/26.0,h,PM00104/Zalypsis; first cycle; 1-hour and 3-hour IV infusion schedules; Table 4.,derived_from_paper,0.23 | 3 | 3.31±1.18 | 10.17±0.84 | 40.2±3.9 | 660±62 | 17.2±3.5,L176-L192,https://paperclip.gxl.ai/citations/papers/PMC3326684#L176-L192,"Snippet is the first table row; cited range contains all dose means. Lombardo aggregates the two schedules. Lombardo comments: two schedules of infusion 1 and 3 hour. N=27 and N=18 respectively. Across multiple doses and 70 kg average weight assumed.  1h schedule calculated values (weighted average) : VDss = 14 L/kg; clearance = 12.3 mL/min/kg, t 1/2 = 22.9 h; MRT (VDss/Cl) = 19 hr//3h schedule calculated values (wighted average) : VDss = 11.2 L/kg; clearance = 11.8 mL/min/kg, t 1/2 = 21.6 h; MRT (VDss/Cl) = 15.9 hr. Very similar values and overall average taken."
