lombardo_row,compound_name,reference,pmid,pmcid,paperclip_id,percentage_found,percentage_full_text_found,matching_notes,source_urls
218,CB 10-277,"Foster BJ, Newell DR, Carmichael J, Harris AL, Gumbrell LA, Jones M, Goodard PM, and Calvert AH (1993) Preclinical, phase I and pharmacokinetic studies with the dimethyl phenyltriazene CB10-277.  Br. J. Canc. 67: 362-368.",8431367,PMC1968184,PMC1968184,100.0,100,1 of 1 distinct cited papers matched in Paperclip.,https://paperclip.gxl.ai/citations/papers/PMC1968184
325,Copanlisib,"Toshihiko Doi · Nozomu Fuse · Takayuki Yoshino · Takashi Kojima ·
Hideaki Bando · Hideaki Miyamoto · Masato Kaneko · Motonobu Osada ·
Atsushi Ohtsu. A Phase I study of intravenous PI3K inhibitor copanlisib
in Japanese patients with advanced or refractory solid tumors. Cancer Chemother Pharmacol (2017) 79:89–98",27915408,PMC5225172,PMC5225172,100.0,100,1 of 1 distinct cited papers matched in Paperclip.,https://paperclip.gxl.ai/citations/papers/PMC5225172
339,CYT997," Phase I trial of CYT997, a novel cytotoxic and vascular-disrupting agent. Lickliter, J. D.; Francesconi, A. B.; Smith, G.; Burge, M.; Coulthard, A.; Rose, S.; Griffin, M.; Milne, R.; McCarron, J.; Yeadon, T.; et al. British Journal of Cancer (2010), 103(5), 597-606",20733579,PMC2938266,PMC2938266,100.0,100,1 of 1 distinct cited papers matched in Paperclip.,https://paperclip.gxl.ai/citations/papers/PMC2938266
373,"Desacetylpaclitaxel, 4-; 4-methyl carbonate","du Bois A, Jung B, Loehr A, Schaller-Kranz T, Cohen M, Frickhofen N (2006) A phase I and pharmacokinetic study of novel taxane BMS-188797 and cisplatin in patients with advanced solid tumours.  Br. J. Cancer. 94: 79-84.",16333310,PMC2361071,PMC2361071,100.0,100,1 of 1 distinct cited papers matched in Paperclip.,https://paperclip.gxl.ai/citations/papers/PMC2361071
411,Dinaciclib,"John J Nemunaitis, Karen A Small, Paul Kirschmeier, Da Zhang, Yali Zhu, Ying-Ming Jou, Paul Statkevich, Siu-Long Yao and Rajat Bannerji. A first-in-human, phase 1, dose-escalation study of dinaciclib, a novel cyclin-dependent kinase inhibitor, administered weekly in subjects with advanced malignancies. Journal of Translational Medicine 2013, 11:259 (page1-14)",24131779,PMC3853718,PMC3853718,100.0,100,1 of 1 distinct cited papers matched in Paperclip.,https://paperclip.gxl.ai/citations/papers/PMC3853718
498,Evacetrapib,"Ellen A. Cannady, Aktham Aburub,Chris Ward, Chris Hinds Boris Czeskis, Kenneth Ruterbories, Jeffrey G. Suico, Jane Royalty Demetrio Ortega, Brian W. Pack, Syed L. Begum, William F. Annes, Qun Lin, and David S. Small. Absolute bioavailability of evacetrapib in healthy subjects determined by simultaneous administration of oral evacetrapib and intravenous [13C8]-evacetrapib as a tracer. J. Label Compd. Radiopharm 2016, 59 238–244.//ppb: Friedrich S, Kastelein JJP, James D, Waterhouse T, Nissen SE, Nicholls SJ, Krueger KA. The pharmacokinetics and pharmacokinetic/pharmacodynamic relationships of evacetrapib administered as monotherapy or in combination with statins. CPT: Pharmacometrics Syst Pharmacol 2014; 3: e94",26639670;24452615,PMC5064742;PMC3910017,PMC5064742;PMC3910017,100.0,100,2 of 2 distinct cited papers matched in Paperclip.,https://paperclip.gxl.ai/citations/papers/PMC5064742;https://paperclip.gxl.ai/citations/papers/PMC3910017
549,Fostriecin,"de Jong RS, Mulder NH, Uges DRA, Sleijfer DT, Hoppener FJP, Groen HJM, Willemse PHB, van der Graaf WTA, and de Vries EGE (1999) Phase I and pharmacokinetic study of the topoisomerase II catalytic inhibitor fostriecin.  Br. J. Cancer 79: 882-887.",10070885,PMC2362650,PMC2362650,100.0,100,1 of 1 distinct cited papers matched in Paperclip.,https://paperclip.gxl.ai/citations/papers/PMC2362650
552,Fulvestrant,"Robertson JFR, Harrison M. Fulvestrant: pharmacokinetics and pharmacology. British Journal of Cancer, 2004, 90(Suppl 1), S7-S10. ppb: The PDR states: Fulvestrant is highly (99%) bound to plasma proteins; VLDL, LDL and HDL lipoprotein fractions appear to be the major binding components. Accessed January 11 2015. http://www.pdr3d.com/detail.php?c=82597#section-12.",15094758,PMC2750771,PMC2750771,100.0,100,1 of 1 distinct cited papers matched in Paperclip. 1 non-paper source segment(s) excluded.,https://paperclip.gxl.ai/citations/papers/PMC2750771
602,GSK2239633,"Cahn, Anthony; Hodgson, Simon; Wilson, Robert; Robertson, Jonathan; Watson, Joanna; Beerahee, Misba; Hughes, Steve C.; Young, Graeme; Graves, Rebecca; Hall, David; van Marle, Sjoerd; Solari, Roberto. Safety, tolerability, pharmacokinetics and pharmacodynamics of GSK2239633, a CC-​chemokine receptor 4 antagonist, in healthy male subjects: results from an open-​label and from a randomised study. BMC Pharmacology and Toxicology 2013 14:14.",23448278,PMC3599276,PMC3599276,100.0,100,1 of 1 distinct cited papers matched in Paperclip.,https://paperclip.gxl.ai/citations/papers/PMC3599276
687,Ixazomib,"Assouline S E; Chang J; Cheson B D; Rifkin R; Hamburg S; Reyes R; Hui A-M; Yu J; Gupta N; Di Bacco A; Shou Y; Martin P.  Phase 1 dose-​escalation study of IV ixazomib, an investigational proteasome inhibitor, in patients with relapsed​/refractory lymphoma. Blood Cancer Journal (2014) 4, e251; doi:10.1038/bcj.2014.71//ppb: Gupta, Neeraj; Hanley, Michael J.; Harvey, R. Donald; Badros, Ashraf; Lipe, Brea; Kukreti, Vishal; Berdeja, Jesus; Yang, Huyuan; Hui, Ai-Min; Qian, Mark; Zhang, Xiaoquan; Venkatakrishnan, Karthik; Chari, Ajai. A pharmacokinetics and safety phase 1​/1b study of oral ixazomib in patients with multiple myeloma and severe renal impairment or end-​stage renal disease requiring haemodialysis. Brit. J.  Haem., 2016, 174, 748-759.",25325301;27196567,PMC4220649;PMC5084759,PMC4220649;PMC5084759,100.0,100,2 of 2 distinct cited papers matched in Paperclip.,https://paperclip.gxl.ai/citations/papers/PMC4220649;https://paperclip.gxl.ai/citations/papers/PMC5084759
699,KW-2478,"K Yong, J Cavet, P Johnson, G Morgan, C Williams, D Nakashima, S Akinaga, H Oakervee
and J Cavenagh. Phase I study of KW-2478, a novel Hsp90 inhibitor, in patients with B-cell malignancies. Br. J. Cancer, 2016, 114, 7-13.",26695442,PMC4716540,PMC4716540,100.0,100,1 of 1 distinct cited papers matched in Paperclip.,https://paperclip.gxl.ai/citations/papers/PMC4716540
757,Lurtotecan,"CJH Gerrits, GJ Creemers, JHM Schellens, P Wissel, AS Th Planting, R Kunka, K Selinger,
M de Boer-Dennert, Y Marijnen, M Harteveld, J Verweij. Phase I and pharmacological study of the new topoisomerase I inhibitor G1147211, using a daily x 5 intravenous administration. British Journal of Cancer (1996) 73, 744-750.",8611374,PMC2074382,PMC2074382,100.0,100,1 of 1 distinct cited papers matched in Paperclip.,https://paperclip.gxl.ai/citations/papers/PMC2074382
874,Nemorubicin,"M Bakker, JP Droz, AR Hanauske, J Verweij, AT van Oosterom, HJM Groen, MA Pacciarini, L Domenigoni, F van Weissenbruch, E Pianezzola, EGE de Vries. Broad phase 11 and pharmacokinetic study of methoxy-morpholino doxorubicin (FCE 23762-MMRDX) in non-small-cell lung cancer, renal cancer and other solid tumour patients. British Journal of Cancer 1998 77, 139-146.",9459159,PMC2151269,PMC2151269,100.0,100,1 of 1 distinct cited papers matched in Paperclip.,https://paperclip.gxl.ai/citations/papers/PMC2151269
912,Omadacycline,"Haiying Sun, Lillian Ting, Surendra Machineni, Jens Praestgaard, Andreas Kuemmell, Daniel S. Stein, Gangadhar Sunkara, Steven J. Kovacs, Stephen Villano, S. Ken Tanaka. Randomized, Open-Label Study of the Pharmacokinetics and Safety of Oral and Intravenous Administration of Omadacycline to Healthy Subjects. Antimicrob. Agents Chemother. 2016, 60, 7431-7435.",27736760,PMC5119026,PMC5119026,100.0,100,1 of 1 distinct cited papers matched in Paperclip.,https://paperclip.gxl.ai/citations/papers/PMC5119026
914,Ombrabulin,"H. Murakami,T. Kurata, Y. Onozawa, J. Watanabe, A. Ono,T. Takahashi, N. Yamamoto, Y. Fujisaka, H. Kiyota, H. Hayashi,K. Tanaka, K. Nakagawa, S. Kuroda. An open‑label, dose‑escalation, safety, and pharmacokinetics
phase I study of ombrabulin, a vascular disrupting agent, administered as a 30‑min intravenous infusion every 3 weeks in Japanese patients with advanced solid tumors. Cancer Chemother Pharmacol (2014) 73:623–630",24477603,PMC3931931,PMC3931931,100.0,100,1 of 1 distinct cited papers matched in Paperclip.,https://paperclip.gxl.ai/citations/papers/PMC3931931
978,Phenoxodiol,"Jan B Howes, Paul L de Souza, Leanne West, Li Jiu Huang, Laurence G Howes. Pharmacokinetics of phenoxodiol, a novel isoflavone, following intravenous administration to patients with advanced cancer. BMC Clinical Pharmacology 2011, 11:1-8; doi: 10.1186/1472-6904-11-1",21291562,PMC3045896,PMC3045896,100.0,100,1 of 1 distinct cited papers matched in Paperclip.,https://paperclip.gxl.ai/citations/papers/PMC3045896
983,Phylloquinone,"VKORC1-dependent pharmacokinetics of intravenous and oral phylloquinone (vitamin K1) mixed micelles formulation Marinova, Milka; Luetjohann, Dieter; Breuer, Olof; Koelsch, Heike; Westhofen, Philipp; Watzka, Matthias; Mengel, Martin; Stoffel-Wagner, Birgit; Hartmann, Gunther; Coch, Christoph; et al European Journal of Clinical Pharmacology (2013), 69(3), 467-475.",22864379,PMC3572390,PMC3572390,100.0,100,1 of 1 distinct cited papers matched in Paperclip.,https://paperclip.gxl.ai/citations/papers/PMC3572390
1011,PR-104,"A phase I trial of PR-104, a pre-prodrug of the bioreductive prodrug PR-104A, given weekly to solid tumour patients Mark J McKeage, Yongchuan Gu, William R Wilson, Andrew Hill, Karen Amies, Teresa J Melink and Michael B Jameson. BMC Cancer 2011, 11:432.",21982454,PMC3205073,PMC3205073,100.0,100,1 of 1 distinct cited papers matched in Paperclip.,https://paperclip.gxl.ai/citations/papers/PMC3205073
1196,Telcagepant,"The Dose Proportionality of Telcagepant after Administration of Single Oral and Intravenous Doses in Healthy Adult Subjects. Tae H. Han, Rebecca L. Blanchard,  John Palcza,  Ashley Martucci, Cynthia M. Miller-Stein,  Maria Gutierrez, Deborah Panebianco, Ronda K. Rippley,  Christopher Lines,  and M. Gail Murphy. Arch Drug Info 2010,3:55–62",21221171,PMC3015066,PMC3015066,100.0,100,1 of 1 distinct cited papers matched in Paperclip.,https://paperclip.gxl.ai/citations/papers/PMC3015066
1307,Velcalcetide,"Kevin J. Martin, Gregory Bell, Karen Pickthorn, Saling Huang, Andrew Vick, Peter Hodsman4 and Munro Peacock. Velcalcetide (AMG 416), a novel peptide agonist of the calcium-sensing receptor, reduces serum parathyroid hormone and FGF23 levels in healthy male subjects. Nephrol Dial Transplant (2014) 29: 385–392",24235081,PMC3910343,PMC3910343,100.0,100,1 of 1 distinct cited papers matched in Paperclip.,https://paperclip.gxl.ai/citations/papers/PMC3910343
1314,Vestipitant,"Richard A. Brigandi, Steven F. Russ, Chantal Petit, Brendan Johnson, Scott Croy,
Peter Hodsman, Fran Muller. Intravenous Pharmacokinetics, Local Tolerability, and Hemolysis of an SBE7‐β‐Cyclodextrin Formulation of the Neurokinin‐1 Receptor
Antagonist Vestipitant. Clinical Pharmacology in Drug Development 2015, 4(2) 130–136",26097793,PMC4467239,PMC4467239,100.0,100,1 of 1 distinct cited papers matched in Paperclip.,https://paperclip.gxl.ai/citations/papers/PMC4467239
1335,XG-102,"Catherine Deloche, Luis Lopez-Lazaro, Sebastien Mouz, Julien Perino, Claire Abadie, Jean-Marc Combette. XG-102 administered to healthy male volunteers as a single intravenous infusion: a randomized, double-blind, placebo-controlled, dose-escalating study. Pharma Res Per, 2 (1), 2014, e00020, doi: 10.1002/prp2.20",25505576,PMC4186400,PMC4186400,100.0,100,1 of 1 distinct cited papers matched in Paperclip.,https://paperclip.gxl.ai/citations/papers/PMC4186400
1345,Zalypsis,"First-in-man phase I trial of two schedules of the novel synthetic tetrahydroisoquinoline alkaloid PM00104 (Zalypsis) in patients with advanced solid tumours. Yap, T. A.; Cortes-Funes, H.; Shaw, H.; Rodriguez, R.; Olmos, D.; Lal, R.; Fong, P. C.; Tan, D. S.; Harris, D.; Capdevila, J.; et al British Journal of Cancer (2012), 106(8), 1379-1385.",22491421,PMC3326684,PMC3326684,100.0,100,1 of 1 distinct cited papers matched in Paperclip.,https://paperclip.gxl.ai/citations/papers/PMC3326684
