paperclip_id,pmcid,pmid,drug,lombardo_row,paper_title
PMC4388666,PMC4388666,25848948,Ascorbic acid,99,High-Dose Intravenous Vitamin C Combined with Cytotoxic Chemotherapy in Patients with Advanced Cancer: A Phase I-II Clinical Trial
PMC4397738,PMC4397738,25878559,Bilastine,147,Bilastine: new insight into antihistamine treatment
PMC1968184,PMC1968184,8431367,CB 10-277,210,"Preclinical, phase I and pharmacokinetic studies with the dimethyl phenyltriazene CB10-277."
PMC5225172,PMC5225172,27915408,Copanlisib,317,A Phase I study of intravenous PI3K inhibitor copanlisib in Japanese patients with advanced or refractory solid tumors
PMC2938266,PMC2938266,20733579,CYT997,331,"Phase I trial of CYT997, a novel cytotoxic and vascular-disrupting agent"
PMC2361071,PMC2361071,16333310,"Desacetylpaclitaxel, 4-; 4-methyl carbonate",365,A phase I and pharmacokinetic study of novel taxane BMS-188797 and cisplatin in patients with advanced solid tumours
PMC3853718,PMC3853718,24131779,Dinaciclib,403,"A first-in-human, phase 1, dose-escalation study of dinaciclib, a novel cyclin-dependent kinase inhibitor, administered weekly in subjects with advanced malignancies"
PMC3586162,PMC3586162,22762844,Edaravone,439,Phase I Clinical Study of Edaravone in Healthy Chinese Volunteers
PMC5064742,PMC5064742,26639670,Evacetrapib,490,Absolute bioavailability of evacetrapib in healthy subjects determined by simultaneous administration of oral evacetrapib and intravenous [13C8]‐evacetrapib as a tracer
PMC3910017,PMC3910017,24452615,Evacetrapib,490,The Pharmacokinetics and Pharmacokinetic/Pharmacodynamic Relationships of Evacetrapib Administered as Monotherapy or in Combination With Statins
PMC2362650,PMC2362650,10070885,Fostriecin,541,Phase I and pharmacokinetic study of the topoisomerase II catalytic inhibitor fostriecin
PMC2750771,PMC2750771,15094758,Fulvestrant,544,Fulvestrant: pharmacokinetics and pharmacology
PMC3599276,PMC3599276,23448278,GSK2239633,594,"Safety, tolerability, pharmacokinetics and pharmacodynamics of GSK2239633, a CC-chemokine receptor 4 antagonist, in healthy male subjects: results from an open-label and from a randomised study"
PMC5423998,PMC5423998,28271239,Isavuconazole,664,Phase I trial to investigate the effect of renal impairment on isavuconazole pharmacokinetics
PMC4220649,PMC4220649,25325301,Ixazomib,679,"Phase 1 dose-escalation study of IV ixazomib, an investigational proteasome inhibitor, in patients with relapsed/refractory lymphoma"
PMC5084759,PMC5084759,27196567,Ixazomib,679,A pharmacokinetics and safety phase 1/1b study of oral ixazomib in patients with multiple myeloma and severe renal impairment or end‐stage renal disease requiring haemodialysis
PMC4716540,PMC4716540,26695442,KW-2478,691,"Phase I study of KW-2478, a novel Hsp90 inhibitor, in patients with B-cell malignancies"
PMC2074382,PMC2074382,8611374,Lurtotecan,749,"Phase I and pharmacological study of the new topoisomerase I inhibitor GI147211, using a daily x 5 intravenous administration."
PMC3304375,PMC3304375,22615603,Morphine-6-Glucuronide,836,Impact of anti-cancer drugs and other determinants on serum protein binding of morphine 6-glucuronide
PMC2151269,PMC2151269,9459159,Nemorubicin,866,"Broad phase II and pharmacokinetic study of methoxy-morpholino doxorubicin (FCE 23762-MMRDX) in non-small-cell lung cancer, renal cancer and other solid tumour patients."
PMC5119026,PMC5119026,27736760,Omadacycline,904,"Randomized, Open-Label Study of the Pharmacokinetics and Safety of Oral and Intravenous Administration of Omadacycline to Healthy Subjects"
PMC3931931,PMC3931931,24477603,Ombrabulin,906,"An open-label, dose-escalation, safety, and pharmacokinetics phase I study of ombrabulin, a vascular disrupting agent, administered as a 30-min intravenous infusion every 3 weeks in Japanese patients with advanced solid tumors"
PMC3045896,PMC3045896,21291562,Phenoxodiol,970,"Pharmacokinetics of phenoxodiol, a novel isoflavone, following intravenous administration to patients with advanced cancer"
PMC3572390,PMC3572390,22864379,Phylloquinone,975,VKORC1-dependent pharmacokinetics of intravenous and oral phylloquinone (vitamin K1) mixed micelles formulation
PMC3205073,PMC3205073,21982454,PR-104,1003,"A phase I trial of PR-104, a pre-prodrug of the bioreductive prodrug PR-104A, given weekly to solid tumour patients"
PMC2062997,PMC2062997,9820178,Raltitrexed,1049,Effects of impaired renal function on the pharmacokinetics of raltitrexed (Tomudex ZD1694).
PMC3015066,PMC3015066,21221171,Telcagepant,1188,The Dose Proportionality of Telcagepant after Administration of Single Oral and Intravenous Doses in Healthy Adult Subjects
PMC4937635,PMC4937635,27536453,Ticagrelor,1225,Absolute bioavailability and regional absorption of ticagrelor in healthy volunteers
PMC2074523,PMC2074523,8630291,Topotecan,1256,Bioavailability and pharmacokinetics of oral topotecan: a new topoisomerase I inhibitor.
PMC3910343,PMC3910343,24235081,Velcalcetide,1299,"Velcalcetide (AMG 416), a novel peptide agonist of the calcium-sensing receptor, reduces serum parathyroid hormone and FGF23 levels in healthy male subjects"
PMC4467239,PMC4467239,26097793,Vestipitant,1306,"Intravenous Pharmacokinetics, Local Tolerability, and Hemolysis of an SBE7-β-Cyclodextrin Formulation of the Neurokinin-1 Receptor Antagonist Vestipitant"
PMC4186400,PMC4186400,25505576,XG-102,1327,"XG-102 administered to healthy male volunteers as a single intravenous infusion: a randomized, double-blind, placebo-controlled, dose-escalating study"
PMC3326684,PMC3326684,22491421,Zalypsis,1337,First-in-man phase I trial of two schedules of the novel synthetic tetrahydroisoquinoline alkaloid PM00104 (Zalypsis) in patients with advanced solid tumours
