paperclip_id,pmcid,pmid,drug,lombardo_row
132170949,,2946587,α-hANP,1
41518773,PMC89921,10817717,(-)dOTC,2
41518773,PMC89921,10817717,(+)dOTC,3
70445421,,25765839,"1,3-DCQA",4
131335223,,3772737,16-acetyl gitoxin,5
122094579,,8801339,1-Aminocyclopropanecarboxylic Acid,6
70445421,,25765839,"3,4-DCQA",7
70445421,,25765839,"3,5-DCQA",8
86916893,PMC180402,3717941,3-O-demethylfortimicin A,9
116376586,,17660481,852A,11
135201709,,10453964,Abacavir,12
86713829,PMC1368638,1683250,Abanoquil,13
50697266,,28459733,ABP-700,15
61705530,,1269192,Acebutolol,18
61455556,,913023,Acebutolol,18
122655243,,1724922,Acecainide (N-acetylprocainamide),19
108689320,,6178545,Acecainide (N-acetylprocainamide),19
86842614,PMC1401957,7332726,Acenocoumarol,20
133875395,,862649,Acetaminophen,21
133277262,,891592,Acetaminophen,21
86061980,PMC1463727,3986087,Acetazolamide,22
133783387,,2598989,"Acetylcysteine, N-",23
189525798,,9535996,"Acetylmethadol, L-",24
141914708,,2510140,Acetylsalicylic Acid,25
188774044,,7571349,Acetylsalicylic Acid,25
133401895,,2848706,ACHT 4-10,26
185620183,,3896481,Acivicin,27
140412119,,8464818,Actisomide,29
84101399,,6355048,Acyclovir,30
87005707,PMC162955,8585716,Adefovir,31
141376480,,2023863,Adinazolam,32
78360890,,23988847,AFN-1252,33
4581757,,1770103,AG-EE-388 ZW,34
108189321,,8287634,Ajmaline,35
100331246,,2591421,Ajmaline,35
110541267,,8824691,Albuterol (salbutamol),36
86062086,PMC1401185,3790406,Albuterol (salbutamol),36
133403829,,7398736,Alcuronium,37
60321893,,27180975,Alectinib,38
94491766,,22002562,Alendronate,39
159427349,,11981071,Alfacalcidol,40
120851303,,6125162,Alfentanil,41
129640734,,12932070,Alfentanil,41
188021413,,6214227,Alfentanil,41
122222764,,1729938,Alfentanil,41
133761072,,7318879,Alinidine,43
122094276,,6502497,Alizapride,44
123516329,,7094977,Allopurinol,45
115817134,,8181324,Almitrine,46
187991766,,6149534,Almitrine,46
135161095,,1384304,Almokalant,47
90638464,,22302127,Almorexant,48
101943617,PMC6741687,12353056,Almotriptan,49
139892932,,12463724,Almotriptan,49
140260591,PMC1874312,11874386,Alosetron,50
133435681,,6152055,Alprazolam,52
108189315,,8513649,Alprazolam,52
99977031,,4479578,Alprenolol,53
144000225,,12112335,Alprenolol,53
134131616,,8070511,Alprostadil,54
114116777,,3280212,Amantadine,56
86916839,PMC176307,4037777,Amdinocillin,57
135140028,,6311008,Amdinocillin,57
188576966,,7197980,Amezinium,58
104019603,,3019968,Amifostine,60
186804644,,447438,Amikacin,61
61705419,,4210297,Amikacin,61
141977183,,2062169,Amikacin,61
52401705,,10561232,"Aminocamptothecin, 9-",62
128508978,,15475463,"Aminocamptothecin, 9-",62
100053528,,6697646,"Aminohexanoic acid, 6-",63
130440932,,1748043,"Aminosalicylic acid, 5-",65
133277262,,891592,"Aminosalicylic acid, 5-",65
81890809,,8852388,Amiodarone ,66
86718186,PMC1386587,3242577,Amiodarone ,66
131571142,,7175698,Amiprilose,67
134027785,,976307,Amitriptyline,68
133420482,,6493364,Amitriptyline,68
86842945,PMC1401071,2943308,Amlodipine,69
86060121,PMC1386059,3828191,Amodiaquine,70
115294523,,8689426,Amonafide,71
87546417,PMC283758,7387142,Amoxicillin,72
138832561,,10883416,AMP579,73
114370461,,2565176,Amphetamine (-d),74
126873898,,14871155,Amphetamine (-d),74
99387532,,1856491,Amphotericin B,75
89292098,PMC172685,2817847,Ampicillin,76
100053895,,3780123,Amrinone,77
133894935,,3855288,Amsacrine,78
183855473,,2328494,Amsacrine,78
133621017,,3409457,Amsalog,79
140730330,,11345650,Amsalog,79
183855473,,2328494,Amsalog,79
75836928,,24525563,Amygdalin,80
26755257,,12655441,Anhydrovinblastine,81
127651295,,16291712,Anidulafungin,82
61010993,,26895496,Antazoline,83
60955415,,4611464,Antipyrine,84
134032518,,7075648,Antipyrine,84
137952822,,12880287,Antipyrine,84
102249168,,20230254,Antofloxacin,85
188388387,,6890838,Apalcillin,86
189557154,,9617507,Apomorphine,88
130104118,,3989821,Apomorphine,88
127707939,,16490805,Aprepitant,90
80560833,,23739997,AR-709,91
184395657,,2709618,Arbekacin,92
140725177,,11868795,Argatroban,93
121830161,,17089111,Artesunate,95
182594771,,17123971,Artesunate,95
138069561,PMC2042809,9241093,Articaine,96
PMC4388666,PMC4388666,25848948,Ascorbic acid,98
78978413,,23838148,Astragaloside IV,101
185492754,,3761559,Astromicin,102
86688083,PMC3457370,22869577,Asunaprevir,103
61593647,,428185,Atenolol,104
86462609,PMC1368280,1975199,Atipamizole,105
135062977,,7486041,Atracurium,108
185487202,,3755015,Atracurium,108
120591804,,6687550,Atracurium,108
82765445,,7174856,Atropine,109
133277262,,891592,Atropine,109
86626760,,27121454,Avarofloxacin,110
92403843,PMC3419912,22289150,Avarofloxacin,110
83712178,PMC3591900,23295928,Avibactam,111
189413842,,9224783,Avitriptan,112
97227109,,19761718,Avosentan,113
130188116,,15831784,Azacytidine,115
95365630,,21638123,AZD4877,117
128259259,,10384858,Azelastine,118
138833631,,10586393,Azimilide,119
37735745,PMC163579,8913468,Azithromycin,120
84476301,,2154441,Azithromycin,120
155782272,,10890260,Aztreonam,122
100771661,,6682362,Aztreonam,122
74317309,,25028414,Baclofen,123
134026333,,2792173,Baclofen,123
139125971,PMC1873546,9643620,Bambuterol,124
59129108,,27123695,Basimglurant,125
68538036,,25665805,Basimglurant,125
133730984,,8405031,Batanopride,126
101326025,,19224155,Batifiban,127
133773103,PMC529202,15561864,BB 83698,129
54276729,,11387367,Becatecarin,130
50270771,,28544885,Beclabuvir,131
56550667,,27501244,Beclabuvir,131
140770618,PMC2014471,11421996,Beclomethasone dipropionate,132
102502894,PMC11159326,20594195,Bendamustine,134
128346623,,7701049,Benperidol,135
122047237,,1932611,Benzydamine,136
122518085,,3491897,Bepridil,137
113698839,,18300299,Bepridil,137
23332495,,,Berubicin,138
133530552,,6662164,Betamethasone,139
87005235,PMC192191,1416872,Betamipron,140
122518201,,2906367,Betaxolol,141
121311085,,2434747,Bevantolol,142
87226212,,22658814,BI2536,143
140532564,,8290484,Bidisomide,145
81293111,,23529786,Bilastine,146
PMC4397738,PMC4397738,25878559,Bilastine,146
130557159,,15812370,Binodenoson,149
102614503,,20305057,Biolimus A9,150
133135088,,3709619,Biperiden,151
52401838,,11408511,Biricodar,152
188993587,,8116453,Bisaramil,153
143843788,,9523980,Bisoprolol,154
82255550,,2878941,Bisoprolol,154
104791536,,20042308,Bivalirudin,155
180391685,,11895900,Bizelesin,156
87807145,PMC444727,4455125,BLP1654,158
128669836,,15073096,BMS-214662,159
128508759,,15102665,BMS-214662,159
135124728,,15169797,Bortezomib,160
138657567,,10392325,Bosentan,161
131360021,,8823230,Bosentan,161
59322688,,27346728,Brivaracetam,163
115854409,,17908923,Brivaracetam,163
49358152,,9100997,Bromfenac,165
122046922,,3730521,Bromopride,166
106887671,,20175820,Bromotetrandrine,167
182188571,,15303664,Bromotetrandrine,167
128838556,,14760067,Brostallicin,168
86059552,PMC1428208,6661374,Brotizolam,169
86842793,PMC1428219,6661377,Brotizolam,169
188440902,,6958498,Budesonide,170
133657467,,7286057,Buflomedil,171
188181441,,6526539,Buflomedil,171
133891268,,2861095,Bufuralol,172
136634247,,14977863,Bufuralol,172
100771906,,3987182,Bumetanide,174
100771919,,3709028,Bumetanide,174
100054184,,3180632,Bumetanide,174
87158008,PMC1364857,7981012,Bupivacaine,176
81657203,,8889672,Buprenorphine,177
142059736,,12476274,Busulphan,178
96707321,,6150090,Busulphan,178
131974578,,8841151,Butorphanol,180
187971147,,6105056,Butorphanol,180
109658423,,19147780,Cabazitaxel,182
131484339,,6886969,Caffeine,184
63947758,,1335402,Calcitonin,185
159427349,,11981071,Calcitriol,186
100807519,,,Candoxatrilat,189
105326977,,19779037,Cangrelor,190
129130931,,2937482,Cannabidiol,191
129258616,,2960395,Cannabinol,192
133276889,,3058486,Captopril,193
105678833,,6531941,Carbazeran,194
102348245,,20444863,Carbazeran,194
60955425,,1122685,Carbenicillin,195
134679661,,3319277,Carboplatin,196
189570839,,9660043,Carebastine,197
85758314,,23118326,Carfilzomib,198
185454656,,3719578,Carmustine (BCNU),199
122081198,,7658357,Carnitine_L,200
105678847,,4082635,Carocainide,201
188547213,,7151844,Carprofen,202
133156168,,6137389,Carteolol,203
184033423,,2454375,Carvedilol,205
189558355,,9622082,Carzelesin,206
143618005,,9523733,Carzelesin,206
107172955,,19420128,Casopitant,207
100395425,,21188466,Casopitant,207
136479882,PMC353127,14982770,Caspofungin,208
PMC1968184,PMC1968184,8431367,CB 10-277,209
52842553,,28160190,CDK-712,210
188499796,,7061182,Cefadroxil,211
81890419,,479381,Cefamandole,212
89291615,PMC185407,6660858,Cefatrizine,213
87004285,PMC174795,3606068,Cefazolin,215
141681641,,3395358,Cefazolin,215
56955733,,27394175,Cefbuperazone,216
188985145,,8095213,Cefcanel,217
87798471,PMC188456,1605609,Cefepime,219
86917586,PMC190556,1622165,Cefepime,219
87798342,PMC172223,3377466,Cefetamet,220
82265503,,3216036,Cefixime,221
87003360,PMC181842,6282203,Cefmenoxime,222
86917192,PMC171493,2729930,Cefmetazole,223
86917220,PMC284256,2764542,Cefmetazole,223
84726191,,2074252,Cefodizime,224
99960577,,3936717,Cefonicid,225
87004133,PMC176481,3789691,Cefonicid,225
87798471,PMC188456,1605609,Cefoperazone,226
122093745,,7373533,Ceforanide,227
86916467,PMC284007,6252833,Cefotaxime,229
82084107,,2715372,Cefotetan,230
120863245,,2745258,Cefotetan,230
89291679,PMC179955,6097166,Cefotiam,231
96332592,,1725995,Cefotiam,231
86917192,PMC171493,2729930,Cefoxitin,232
88092331,,23436262,Cefozopran,233
88468499,,23436263,Cefozopran,233
87546745,PMC180027,6524897,Cefpimizole,234
87546945,PMC174995,3435107,Cefpiramide,235
81890648,,1564130,Cefpirome,236
81890656,,1430299,Cefprozil,237
141241712,,1924169,Cefprozil,237
131350110,,7069577,Cefroxadin,238
100771460,,7053312,Cefsulodin,239
87798471,PMC188456,1605609,Ceftazidime,241
84351284,,19802998,Ceftazidime,241
87547048,PMC172163,3284457,Ceftazidime,241
105289022,,7389424,Ceftezole,242
89291546,PMC185674,6295270,Ceftizoxime,243
134229853,PMC434165,15215110,Ceftobiprole,244
37153403,PMC90381,11181368,Ceftobiprole,244
89752824,PMC3370713,22450972,Ceftolozane,245
133635584,,590309,Cefuroxime,247
87547541,PMC187963,8328784,Cefuroxime,247
99021807,,11896833,Cefuzonam,248
100965029,,20872901,CEP-18770,249
87682010,PMC429736,984770,Cephradine,255
189407883,,9208342,Cerivastatin,256
138657430,,10709155,Cetrorelix,257
65830359,,26076682,CG200745,258
134425848,,4086245,CGP15720A,259
120609352,,3356625,CGP31608,260
82765861,,8739022,CGP36742,261
86059367,PMC1427847,6849759,Chlorambucil,263
133904007,,7286060,Chloramphenicol,264
133277262,,891592,Chloramphenicol,264
133561248,,6137019,Chlorazepate,265
134027246,,7439248,Chlordiazepoxide,266
86842567,PMC1429863,6101958,Chlordiazepoxide,266
101981754,,707131,Chlormethiazole,267
133896757,,1233235,Chlormethiazole,267
134698611,,15467976,"Chlorophenylpiperazine, m-",268
86842962,PMC1401181,3790402,Chloroquine,269
133156876,,7106172,Chlorpheniramine,270
133427037,,10368923,Chlorpheniramine,270
134116384,,8157044,Chlorpromazine,271
95962939,,4399487,Chlorpromazine,271
188614386,,7263111,Chlorpropamide,272
189297979,,8901143,Chlorprothixene,273
134027375,,421727,Chlorthalidone,275
81890593,,2045527,Cibenzoline,276
121754324,,3201528,Cibenzoline,276
140987461,,2657866,Cicaprost,277
106474115,,19492869,Ciclesonide,278
182086336,,1492851,Ciclotropium,279
89292649,PMC162721,7574510,Cidofovir,280
88338151,PMC1379746,2527531,Cilazaprilat,282
139461898,,12706360,Cilengitide,283
135119971,,11401178,Cilomilast,284
126684381,,16509757,Cilomilast,284
100053746,,3979004,Cimetidine,285
86842690,PMC1427622,7126415,Cimetidine,285
100052681,,7226705,Cimetidine,285
122518049,,3761170,Cimetropium,286
111989113,,18779378,Cinaciguat,288
127009366,,12162760,Ciprofloxacin,289
131973810,,7586947,Ciprofloxacin,289
87172318,PMC188820,1510426,Ciprofloxacin,289
120238247,,3209529,Ciprofloxacin,289
188195593,,6547699,Ciramadol,290
137626175,,11506100,Cisatracurium,292
134373082,,15169739,Cisatracurium,292
143602848,,9681666,Citalopram,293
54276418,,8622049,Cladribine,294
135030410,,7995327,Cladribine,294
87005172,PMC188854,1387301,Clarithromycin,295
189309795,,8935121,Clarithromycin,295
136056864,,1684980,Clarithromycin,295
86843081,PMC1386558,3190988,Clavulanic Acid,296
179675930,,10082170,Clavulanic Acid,296
115478262,,17906281,Clazosentan,297
97634845,,19281726,Clazosentan,297
82265690,,8473551,Clentiazem,298
143857733,,10206087,Clevidipine,299
171675684,,10072476,Clevidipine,299
8687095,PMC90688,11502525,Clinafloxacin,300
87004469,PMC172387,3142350,Clinafloxacin,300
87005374,PMC187917,8517703,Clindamycin,301
103315540,,7872061,Clodronate,302
184138718,,2525532,Clodronate,302
133420482,,6493364,Clomipramine,304
139184857,,12646763,Clonazepam,305
118632730,,3392889,Clonidine,306
86059172,PMC1401969,7332729,Clonidine,306
93823767,,21933229,Clopidogrel,307
132117128,,3203703,Clozapine,308
140770895,PMC1873700,9833598,Clozapine,308
78232979,,24010577,Cobimetinib,309
127216015,,7701044,Cocaethylene,310
139179772,,9263384,Cocaethylene,310
100771838,,4028628,Cocaine,311
122515058,,6839006,Cocaine,311
141376609,,3247314,Cocaine,311
188734598,,7473145,Cocaine,311
100772149,,3335120,Codeine,312
123909268,,8289123,Codeine,312
82084582,,8930773,Colchicine,313
188934287,,7981928,Colchicine,313
180445698,,12067983,Combretastatin A4 Phosphate,314
PMC5225172,PMC5225172,27915408,Copanlisib,316
111854669,PMC2666235,18577560,Cositecan,317
184949767,,3184779,Cotinine,318
133365459,,2340848,Cotinine,318
133401806,,598421,Coumarin,319
94292232,,21852367,Coumarin,319
111611636,,18607882,CP-4055,320
87004948,PMC245076,2069372,CP-65207,321
91439685,,2351614,CP-65207,321
185282069,,3557743,CPW 86-363,322
72720105,,24990113,Crizotinib,323
71233095,,25107918,CUDC-101,324
122047227,,1932606,Cyanamide,325
133131348,,7554044,Cyclopentenyl cytosine,327
87657856,PMC1429824,508550,Cyclophosphamide,328
132117129,,3203704,Cyclosporine,329
142949527,,11103750,Cyclosporine,329
PMC2938266,PMC2938266,20733579,CYT997,330
123607602,,7104969,Cytarabine,331
187879714,,596974,Cytarabine,331
116921981,,18006647,Dabigatran,332
79465107,,23846776,Dabrafenib,333
110816609,,18927309,Dacinostat,335
136867065,PMC353075,14982787,Dalbavancin,337
136134756,PMC375267,15047510,Dalbavancin,337
138657482,,11304897,Dalfopristin,339
160272849,,9511077,Dalfopristin,339
126506064,,15005638,Dalfopristin,339
132261353,,15734296,Danazol,340
69030703,,25488594,Danoprevir,341
96921833,,21354234,Danoprevir,341
127319657,,16301243,Dantrolene,342
106908163,PMC2826106,19825950,Danusertib,343
86062332,PMC3575942,22823746,Dapagliflozin,344
185346378,,3623744,Dapsone,345
140089555,PMC152488,12654665,Daptomycin,346
89292327,PMC188435,1318678,Daptomycin,346
122241796,PMC1610083,17005801,Daptomycin,346
76082626,,24378325,Darapladib,347
125059780,,16584282,Darifenacin,348
112560049,PMC2519822,18461567,Daunorubicin,351
133762319,,6120080,Deacetyl metipranolol,352
183989543,,2425959,Decitabine,353
112524409,,18508948,Deferasirox,354
126563613,,16531476,Deferasirox,354
108378066,PMC3147153,19228743,Deferolimus,355
101181372,,20638916,Dehydroandrographolide succinate,357
61230811,,26718605,Delafloxacin,358
134155708,,7589052,Delorazepam (Chlordesmethyldiazepam),359
133623016,,1782980,Delorazepam (Chlordesmethyldiazepam),359
141053711,,12594004,Denaverine,361
68138286,PMC4344391,25567350,Deoxycytidine-5F-2',362
126507792,,14584962,Deramciclane,363
PMC2361071,PMC2361071,16333310,"Desacetylpaclitaxel, 4-; 4-methyl carbonate",364
188988223,,8104123,Desferrioxamine,365
100054244,,3365915,Desipramine,366
100772220,,3356084,Desipramine,366
133420482,,6493364,Desipramine,366
61705577,,321178,Desmethyldiazepam,367
134781633,,15197520,Desmopressin,368
131710699,,7229914,Dexamethasone,370
131374008,,480147,Dexamethasone,370
189447044,,9314087,Dexanabinol,371
188804415,PMC1365083,7654489,Dexfenfluramine,372
126873898,,14871155,Dexfenfluramine,372
135785836,,12851039,Dexloxiglumide,373
137561795,PMC1884292,14616431,Dexmedetomidine,374
189319349,,8963484,Dexniguldipine,376
100195828,,10412894,Dexrazoxane,377
81890765,,7650230,Dezocine,379
180591353,,12538463,DHA Paclitaxel,380
122177921,,6706519,Diatrizoic Acid (Amidotrizoate),381
104089223,,3375780,Diatrizoic Acid (Amidotrizoate),381
113456235,PMC301753,1127104,Diazepam,382
117997622,,2276389,Diazepam,382
137194652,PMC2042656,8864311,Diazepam,382
86842567,PMC1429863,6101958,Diazepam,382
185282052,,3557728,Dibekacin,384
87003177,PMC284008,6775594,Dibekacin,384
121144833,,17101744,Dichloroacetic Acid,385
134028389,,527637,Diclofenac,386
122643089,,3572745,Diclofenac,386
129377161,,7622258,Dicloxacillin,387
100772532,,1903100,Didanosine,388
132420982,,1500265,Didemnin B,389
119362211,,17322542,Diflomotecan,391
88092331,,23436262,Diflomotecan,391
88468499,,23436263,Diflomotecan,391
122515139,,2547464,Diflunisal,392
133277262,,891592,Digitoxin,393
61455633,,445943,Digoxin,394
131388668,,6628531,Dihydrocodeine,395
100835563,,3609067,Dihydroergosine,396
188594051,,7228454,Dihydroergotamine,397
189477102,,940955,Dihydroquinidine,398
189047803,,8240457,Dilevalol,399
121854305,,3201524,Diltiazem,400
183464640,,2095130,Dimetindene,401
PMC3853718,PMC3853718,24131779,Dinaciclib,402
100053544,,6705445,Diphenhydramine,403
100771237,,7398190,Diphenhydramine,403
133506219,,2612546,Diprafenone,404
135452966,,6579711,Dipyridamole,406
131546257,,6502472,Disopyramide,407
179920312,,10475142,Distigmine,408
108740966,,19167593,Disufenton sodium,409
185680760,,3987521,Dixyrazine,410
185744082,,4080804,Dobesilic acid,411
189156631,,8510005,Dobutamine,412
142624348,,10663639,Docetaxel,413
126323169,PMC11159691,16542221,Docetaxel,413
86713814,PMC1368601,1958435,Dofetilide,414
106614842,,1441594,Dofetilide,414
127201484,,10086835,Dolasetron,415
97172359,,21357702,Dolasetron,415
100163828,,7250152,Domperidone,416
110896947,,7315181,Dopamine,417
100731722,,5468075,Dopamine,417
106703845,,19553404,Doripenem,418
99576644,,1824669,Doxacurium,419
134373082,,15169739,Doxacurium,419
87408018,PMC1429614,32901,Doxapram,420
109621835,,2410686,Doxazosin,421
86718040,PMC1401032,2941043,Doxazosin,421
86842940,PMC1400758,2939865,Doxazosin,421
142498095,,12162857,Doxepin,422
100606735,,7113722,Doxepin,422
132117127,,2974418,Doxifluridine,423
177458575,,16867439,Doxifluridine,423
53533237,,2227075,Doxofylline,424
100772735,,8387903,Doxorubicin,425
134386564,,7160048,Doxorubicin,425
86917196,PMC172455,2729939,Doxycycline,426
88342763,PMC1428002,6626415,Doxycycline,426
86717791,PMC1427538,7150457,Doxycycline,426
129944515,PMC1884904,15963088,DP-b99,427
82265675,,8429115,DQ-2556,428
100721091,,8980918,Drotaverine,431
101963616,,6546919,Drotaverine,431
143254372,,11761451,DX-52-1,433
127684115,,10511061,DX9065a,434
78278510,,23983259,E7107,435
90650041,,22294459,E7974,436
PMC3586162,PMC3586162,22762844,Edaravone,438
68875013,,25545282,Edaravone,438
123840046,,16819636,Edotecarin,439
78084927,,27121940,Edoxaban,440
103344152,,20081065,Edoxaban,440
122224232,,7224209,Edrophonium,441
138833229,,12017347,Eletriptan,442
52146742,,11157040,Elinafide,444
86160615,,22926637,Elisidepsin,445
140117036,,10225075,Eltanolone,446
96783863,,2091888,Eltoprazine,447
86718094,PMC1400946,3011046,Enalaprilat,448
181238828,,1362933,Enalkiren,449
180978426,,1330373,Enalkiren,449
108230318,,1909559,Encainide,450
184096523,,2496225,Encainide,450
133956846,,2125833,Encainide,450
133891026,,6653651,Endralazine,451
138832684,,11210393,Eniporide,453
87547516,PMC187758,8494374,Enoxacin,454
129999676,,3463542,Enoxacin,454
127009366,,12162760,Enoxacin,454
122654216,,7738792,Enoximone,455
100053410,,6235081,Enoximone,455
122518221,,3244103,Enoximone,455
133531310,,6714295,Enprofylline,456
133387260,,3234473,Enprofylline,456
133261392,,3709650,Enprofylline,456
133155934,,6420163,Enprofylline,456
140980180,,11294372,Entacapone,457
141996682,,11440283,Entacapone,457
137939277,,14502539,Epiroprim,458
185600706,,3869807,Epirubicin,459
134386564,,7160048,Epirubicin,459
111261818,,9413856,Epirubicin,459
70516448,,25380635,Epothilone folate,460
127615449,,8983399,Epristeride,461
143485503,,9737815,Eprosartan,462
135201815,,10331824,Eprosartan,462
140987491,,7531864,Eptaloprost,463
135811449,,15110131,Eptifibatide,464
75706532,PMC4023791,24468780,Eravacycline,465
133892755,,3932078,Ergotamine,466
106713274,,19509177,Eribulin,467
180678075,,12856387,Eritoran,468
134590476,PMC514793,15328078,Eritoran,468
104142119,,19956953,Erlotinib,469
142276940,PMC128708,12384357,Ertapenem,470
122653764,,671237,Erythromycin,471
101975038,,20662111,Escin Ia,472
101975038,,20662111,Escin Ib,473
100053209,,6617063,Esmolol,474
189047806,,8240460,Estradiol,476
185435516,,3698000,Estradiol,476
52146789,,11844837,Estramustine phosphate,477
133531313,,6714283,Estramustine phosphate,477
124982418,,7736407,Estramustine phosphate,477
188913305,,7932170,Ethacrynic Acid,478
131571190,,7431225,Ethambutol,479
185712201,,4034651,Ethimizol,480
144087895,,8737765,Ethinylestradiol,481
140731655,,2308344,Ethinylestradiol,481
184469015,,2777426,Ethinylestradiol,481
140489777,,3242167,Ethinylestradiol-17-Sulfate,482
140489777,,3242167,Ethinylestradiol-3-Sulfate,483
133642380,,9300,Etilefrine,484
122116629,,697083,Etomidate,485
188592150,,7224720,Etomidate,485
189559165,,962425,Etomidate,485
52642173,,7595746,Etoposide,487
137952822,,12880287,Etoposide,487
140704695,,12527704,Etoricoxib,488
137354013,,14517196,Etoricoxib,488
PMC5064742,PMC5064742,26639670,Evacetrapib,489
PMC3910017,PMC3910017,24452615,Evacetrapib,489
136727127,,14707494,Exatecan (acid),490
143577569,,10424322,F992,492
122518308,,2352161,Falipamil,493
122515128,,2892544,Famotidine,494
100771830,,4017422,Felodipine,497
127375748,,1493852,Fenoterol,500
133730995,,7901024,Fenspiride,501
82265436,,7229112,Fentanyl,502
61455569,,620479,Fentanyl,502
188021413,,6214227,Fentanyl,502
63925073,,26272450,Fimasartan,503
47372392,PMC5610496,28784673,Finafloxacin,504
181153863,,1352203,Finasteride,505
139266583,,12569299,Flavopiridol,507
138154977,,14519054,Flavopiridol,507
100772231,,3130211,Flecainide,508
86842950,PMC1401142,3094570,Flecainide,508
128367903,,1451729,Flecainide,508
86916990,PMC175826,3125788,Fleroxacin,509
127009366,,12162760,Fleroxacin,509
105364230,,2338030,Flomoxef,510
99021807,,11896833,Flomoxef,510
129167742,,6885174,Flucloxacillin,511
87171853,PMC176522,3800349,Flucloxacillin,511
129377161,,7622258,Flucloxacillin,511
86916864,PMC176350,3004323,Fluconazole,512
61705660,,688726,Flucytosine,513
137952822,,12880287,Flucytosine,513
134869509,,11349741,Fludarabine,514
189636231,,9855320,Fludarabine,514
100054321,,2505960,Flumazenil,515
119401741,,2511137,Flumazenil,515
188129592,,6436030,Flumazenil,515
102767041,,7357797,Flunisolide,516
94292232,,21852367,Flunisolide,516
188291601,,6698661,Fluocortolone,518
106498842,,3195322,Fluorescein,519
87653061,PMC1381571,8385974,"fluorodideoxycytidine, 2- (2FddC)",520
106382551,,1891168,"Fluorouracil, 5-",521
133156160,,3609119,"Fluorouracil, 5-",521
133811101,,6812119,Flupentixol,522
143832489,,8911886,Fluphenazine,523
116256222,,17825692,Fluticasone furoate,525
174225703,,10950233,Fluticasone propionate,526
137715538,PMC2042625,8799519,Fluticasone propionate,526
83490094,,1640002,Fluvastatin,527
122094400,,8229693,Fluvastatin,527
188936457,,7986245,Folic acid,529
88338221,PMC1379947,2789922,Folinic acid,530
134385934,,7273267,Folinic acid,530
88538931,,22554311,Fomepizole,531
128259318,,12383039,Fondaparinux,532
128259319,,12383040,Fondaparinux,532
128546074,PMC1895256,16131572,Forodesine,533
117059675,,17525168,Fosaprepitant,534
131973831,,7712668,Foscarnet,535
87547155,PMC176056,2528939,Foscarnet,535
135167775,PMC1884522,15151523,Fosfluconazole,536
87003321,PMC181707,7305325,Fosfomycin,537
184468594,,2776659,Fosfomycin,537
131357750,,8529331,Fosinoprilat,538
129764255,,10368078,Fosphenytoin,539
PMC2362650,PMC2362650,10070885,Fostriecin,540
136108390,,2145908,Fotemustin,541
140394201,,12028321,Frovatriptan,542
PMC2750771,PMC2750771,15094758,Fulvestrant,543
187972189,,6107232,Furosemide,544
134000050,,6723758,Furosemide,544
86346292,,2312443,Fusidate sodium,545
87557072,PMC352736,525984,Fuzlocillin,546
122178022,,1743922,Gadodiamide,550
71967032,,24989775,GAL-021,556
120583010,,3778794,Galanthamine,557
100772484,,1914378,Galanthamine,557
180403499,,11936568,Galanthamine,557
122365204,,16962395,Gambogic acid,560
2830678,,7585846,Ganciclovir,561
131973831,,7712668,Ganciclovir,561
100772461,,1868675,Ganglioside GM1,562
6291757,,10593371,Ganirelix,563
137585416,,14570774,Garenoxacin,564
134984958,,10850521,Gatifloxacin,565
138833460,,10354959,Gavestinel,566
126873955,,16231967,Gefitinib,567
131434513,,15764411,Gefitinib,567
181912125,,14581347,Gemcitabine,568
87005502,PMC188281,7695258,Genaconazole,570
87547359,PMC245201,1929317,Gentamicin,571
89307050,PMC444293,4790560,Gentamicin,571
135487060,,2582771,Gestodene,572
140731655,,2308344,Gestodene,572
140610699,,2137890,Gestodene,572
85645635,,23099431,GHRP-6,573
104692780,,19940231,Ginsenoside RD,576
96357553,,21451120,Gisadenafil,577
88342880,PMC1463716,3157397,Glibornuride,578
143472311,,12015789,Gliclazide,579
96158926,,12369756,Glimepiride,580
188079538,,6341263,Glipizide,581
88338443,PMC1368328,1904753,Gludopa,582
106289444,,19479254,Glufosfamide,583
143222774,,8674159,Glufosfamide,583
143754133,,10663449,Glyburide,584
184123398,,2515863,Glyburide,584
134116306,,2109700,Glyburide,584
86060130,PMC1386226,3105569,Glyceryl 1-nitrate,585
140975133,,11417448,Glycopyrrolate bromide,586
176204278,,10645755,Glycyrrhizin,587
68510447,,25698442,GPX-150,588
134156763,,8039536,Granisetron,589
175230575,,9919987,Grepafloxacin,590
62443103,,26586303,GSK2140944,592
PMC3599276,PMC3599276,23448278,GSK2239633,593
82792712,,23439661,GSK2251052,594
88213064,PMC3522817,22497298,GSK269984A,595
96857151,,21459796,GSK461364,596
82255617,,3323255,Guanfacine,597
100053318,,6831826,Haloperidol,599
127090957,,1579624,Haloperidol,599
134531210,,3108922,Haloperidol,599
126644773,,16433897,Heroin,601
131701667,,1127574,Hexobarbital,602
134011419,,1233266,Hexobarbital,602
61705640,,639426,Hexobarbital,602
100053166,,6872407,Hydralazine,604
81890601,,2050835,Hydrocortisone,605
131350392,,7120045,Hydrocortisone,605
142520031,,12379930,Hydrocortisone,605
123207184,,499309,Hydroflumethiazide,606
88343124,PMC1386543,3179169,Hydroxychloroquine,609
82084381,,7876401,Hydroxychloroquine,609
184949767,,3184779,"Hydroxycotinine, 3'-",610
99960586,,3816879,"Hydroxydihydroquinidine, 3(S)-",611
67043503,,2359311,"Hydroxyimipramine, 2-",612
100772639,,1611810,Hydroxymidazolam,613
108685241,,19570628,Hydroxysafflor yellow A,615
189583702,,9699650,"Hydroxystaurosporine, 7-",616
177189748,,,"Hydroxystaurosporine, 7-",616
27464111,,9473217,Hydroxyurea,617
37036923,PMC163478,8878586,Hypericin,618
135054188,,15317823,Ibandronic Acid (Ibandronate),619
122047105,,2109643,Ibuprofen,621
137952822,,12880287,Ibuprofen,621
108564360,,8491056,Idarubicin,623
143722357,,10456486,Idarubicin,623
133385199,,2872058,Idazoxan,624
188755731,,7526067,Idrapril,625
188901878,,7902245,Idrapril,625
105286469,,19776293,IDX899,627
105286469,,19776293,IDX989,628
180063721,,10901709,Ifetroban,630
87408126,PMC1365136,7640155,Ifosfamide,631
61374028,,26998954,Ilaprazole,632
134011458,,2423342,Iloprost,633
143977788,,9349930,Iloprost,633
136314742,,14747424,Imatinib,634
116181560,PMC2291225,18251758,Imidafenacin,635
100772220,,3356084,Imipramine,637
133420482,,6493364,Imipramine,637
63455369,,761443,Imipramine,637
100856895,,579712,Imipramine N-oxide,638
189407880,,9208339,Incadronate (acid),639
143709012,,10229651,Indinavir,641
140390922,PMC1874417,12236846,Indinavir,641
142589217,,12177112,Indisulam,642
127637161,,16565173,Indisulam,642
107601848,,8822042,Indocyanine Green,643
122046659,,7139063,Indomethacin,644
123207025,,6628508,Indoramin,646
107706751,,19440934,INO-1001,647
143200887,,9510985,Inogatran,648
123916814,,8740721,Intoplicine,649
122592612,,1601604,Iodixanol,650
49466978,,8610531,Iodixanol,650
52646757,,1607922,Iododoxorubicin,651
104089223,,3375780,Iohexol,652
139392207,,11410750,Iomeprol,653
99440463,,8020519,Iomeprol,653
184695339,,2980304,Iopentol,655
88562422,,9509446,Iopentol,655
134405038,,7957519,Iopromide,656
104089223,,3375780,Iothalamic acid (Iothalamate),657
133864195,,1233254,Iothalamic acid (Iothalamate),657
184197110,,2568798,Iotrolan,658
123516334,,2524387,Ipratropium,659
88092331,,23436262,Ipratropium,659
88468499,,23436263,Ipratropium,659
82265839,,9725545,Irbesartan,660
142519835,,12235447,Irinotecan,661
123657968,,16896064,Irofulven,662
127284245,PMC1346775,16377698,Isavuconazole,663
PMC5423998,PMC5423998,28271239,Isavuconazole,663
82084608,,9505995,Isepamicin,664
127009304,,10749517,Isepamicin,664
118769374,,17409184,Isoglycirrhizinate (acid),665
122640200,,1790312,Isomazole,666
133277262,,891592,Isoniazide,667
132108021,,7648772,Isoproterenol,668
141427249,,3675618,Isoproterenol,668
131982369,,3746630,Isosorbide Dinitrate,669
100053623,,4017416,Isosorbide Dinitrate,669
100771735,,6478734,Isosorbide-2-Mononitrate,670
100053566,,6713775,Isosorbide-5-Mononitrate,671
100771735,,6478734,Isosorbide-5-Mononitrate,671
88342998,PMC1400954,3620273,Isoxicam,672
141214270,,9165538,Isoxicam,672
100088149,,10815751,Isradipine,673
100618482,,2561187,Itraconazole,674
131974795,,9728900,Ivabradine,675
136379771,,15051741,IVL745,676
139889969,,12721265,Ixabepilone,677
113462607,,18347795,Ixabepilone,677
PMC4220649,PMC4220649,25325301,Ixazomib,678
PMC5084759,PMC5084759,27196567,Ixazomib,678
128838290,,15756010,Kahalide F,679
97642300,,993624,Kanamycin,680
89307050,PMC444293,4790560,Kanamycin,680
61705419,,4210297,Kanamycin,680
120731588,,8329260,Ketamine,681
185282058,,3557733,Ketamine,681
120582849,,7459184,Ketamine,681
140605173,,11956671,Ketamine,681
131545189,,3792432,Ketanserin,682
133259683,,3595699,Ketanserin,682
121586312,,6196551,Ketanserin,682
86713735,PMC1380174,2378791,Ketanserin,682
133413251,,6617728,Ketanserin,682
133276980,,6102913,Ketobemidone,683
108049298,,3581635,Ketoprofen,684
137952822,,12880287,Ketoprofen,684
133401896,,3264245,Ketorolac,685
184571356,,2891477,Ketorolac,685
39416964,PMC105689,9661027,KNI-272,686
181920391,,14613997,KRN-5500,687
51896596,,9626219,KRN8602,688
134185188,,15290094,KW-2170,689
PMC4716540,PMC4716540,26695442,KW-2478,690
100856917,,311987,L-5-hydroxytryptophan,691
122744552,,8503009,L-692429,693
180343588,,11751480,"L-778,123",694
137856592,PMC2042788,9205815,Labetalol,695
189650224,,990152,Labetalol,695
89298837,,22722651,Lacosamide,696
141277332,,12460785,Ladirubicin,697
96707843,,8832489,Lamifiban,698
82265747,,8750368,Lamivudine,699
66880043,,25880724,Lanicemine,700
117134755,,17620347,Laniquidar,701
122245920,,16984213,Lanreotide,702
143327772,,8803522,Lansoprazole,703
135196057,,15142201,Lansoprazole,703
81890777,,8522639,Lansoprazole,703
129310953,,15131024,Laromustine,704
81075431,,23641955,Laropiprant,705
107395512,,19437020,Larotaxel,706
157913134,,12176795,Larotaxel,706
61441853,,26747098,Lefamulin,708
120389480,,8089072,Lenapenem,709
127805322,,9429742,Letrozole,711
82265840,,9725549,Letrozole,711
122643002,,3083092,Leuprolide,712
123369351,,16886975,Levetiracetam,713
97172359,,21357702,Levetiracetam,713
141015862,PMC1873676,9764965,Levobupivacaine,714
137337800,,11981143,Levobupivacaine,714
117134755,,17620347,Levocabastine,715
86713662,PMC1379971,2775615,Levodopa,716
175334091,,8818013,Levodopa,716
141544550,,12493793,Levofloxacin,717
127009366,,12162760,Levofloxacin,717
136561395,,10663632,Levoleucovorin,718
189319346,,8963481,Levomepromazine,719
109449236,PMC460604,3112991,Levonorgestrel,720
123890337,,1550911,Levoprotiline,721
189643787,,9876999,Levosimendan,723
100772784,,7955820,Levosimendan,723
143766535,,8970749,Levosimendan,723
82265560,,2312764,Libenzapril,724
97653123,,21389120,Licarbazepine,725
101615000,,20578208,Licarbazepine,725
100771525,,7060324,Lidocaine,726
131982365,,7175699,Lidocaine,726
100053069,,7037263,Lidocaine,726
100054525,,2311337,Lidocaine,726
82255505,,3950061,Lincomycin,728
140011344,,12668582,Linezolid,729
111214848,,18635707,Lisdexamfetamine,733
122047066,,2547465,Lisinopril,734
134250392,,2050175,Lisuride,735
126688930,,16533784,Lomeguatrib,737
138657507,,11697755,Lorazepam,739
86842567,PMC1429863,6101958,Lorazepam,739
185497556,,376458,Lorcainide,740
131357742,,8529329,Losartan,742
84298036,PMC3703232,23215699,Losmapimod,743
184192559,,2565206,Lovastatin (acid),744
185159072,,3415715,Loxiglumide,745
1372356,,9737828,Lubeluzole,746
189602468,,9760010,Lubeluzole,746
117134755,,17620347,Lubeluzole,746
54035480,,27873130,Lurbinectedin,747
PMC2074382,PMC2074382,8611374,Lurtotecan,748
69977849,,25382826,LY2140023,750
69977849,,25382826,LY404039,751
133402271,,7439244,Maprotiline,753
134026343,,7461027,Maprotiline,753
113761079,PMC2311408,18333867,Maraviroc,754
133003796,,15650075,Maraviroc,754
133729917,,15502007,Maxipost,755
143476740,,11745906,Maxipost,755
117134755,,17620347,Mazapertine,756
136390882,,15060739,MDAM,757
51100280,PMC7466821,28283779,ME-344,758
88342875,PMC1463793,3978023,Mebendazole,759
86462632,PMC1368255,2291875,Medifoxamine,760
100771627,,6641094,Medroxalol,761
122046729,,6661511,Medroxalol,761
140494426,,12584156,Melagatran,762
138657449,,10883420,Melatonin,763
110334265,,8838440,Meloxicam,764
134155709,,7589053,Meloxicam,764
143347709,,9010704,Meloxicam,764
133531159,,7140807,Melperone,765
133864352,,6840181,Melphalan,766
134295668,,6678879,Melphalan,766
134476062,,2910515,Melphalan,766
143754375,,11761453,MEN-10755 ,767
184632610,,2935249,Menogaril,768
84130219,,3655004,Meperidine,769
188159534,,6489431,Meperidine,769
183975380,,241357,Mepindolol,770
135063142,,8989005,Mepivacaine,771
133156171,,6499904,Mepivacaine,771
133891491,,6617729,Meptazinol,773
185302004,,3582376,Meptazinol,773
106614755,,3354226,Meptazinol,773
120586637,,2055812,Meropenem,775
133740430,,1607000,Meropenem,775
87005114,PMC245547,1482147,Meropenem,775
88343042,PMC1386192,3109461,Mesna,776
189664485,,999404,Metaproterenol,778
122640149,,2575403,Metazosin,779
188282928,,6679505,Metergoline,780
133277074,,499320,Metformin,781
134032506,,6653644,Methadone,782
139799791,,8738759,Methadone,782
114616735,,13957,Methadone,782
137394717,,14586388,Methamphetamine,783
188988233,,8104133,Methamphetamine,783
126873898,,14871155,Methamphetamine,783
97642288,,404369,Methicillin,784
189182634,,857693,Methicillin,784
130818436,,3841378,Methimazole,785
121976269,,797396,Methohexital,786
135161943,,3500051,Methotrexate,787
81890758,,7608316,Methyldopa,789
130329182,,15831777,Methylnaltrexone,791
189435394,,9283946,"Methylnortestosterone, 7α-, 19-",792
140281862,,8430051,Methylphenidate,793
126873898,,14871155,Methylphenidate,793
141739140,,12386639,Methylprednisolone,794
181920398,,14614002,"Methylthiomethylpaclitaxel, 7-",795
86462671,PMC1368389,2049236,Metoclopramide,796
122224271,,7023284,Metocurine,797
100772082,,3315392,Metocurine,797
63455256,,4853601,Metolazone,798
109924205,,6102500,Metoprolol,800
133625023,,3443140,Metoprolol,800
101525033,,8001596,Metoprolol,800
109924198,,13958,Metoprolol,800
104089223,,3375780,Metrizoate,801
122411198,,1195110,Metronidazole,802
105289510,,3731917,Metronidazole,802
133864519,,3709636,Mexiletine,803
185312662,,3589151,Mexiletine,803
130678227,,6218111,Mezlocillin,804
133435707,,3931147,Mianserin,805
96707998,,9811158,Mibefradil,806
127009283,,9884814,Mibefradil,806
64779821,,26242382,Mibenratide,807
128224873,,16100295,Micafungin,808
128827150,,16172179,Micafungin,808
135269567,,766623,Miconazole,809
185719557,,4046177,Micronomicin,810
86059527,PMC1428091,6138080,Midazolam,811
82084111,,2723115,Midazolam,811
88875541,,22460239,Mifamurtide,813
189418569,,9239452,Miglitol,815
105876101,,20116348,Mildronate,816
101971374,,9725493,Milnacipran,817
123892070,,6502494,Milrinone,818
98457735,,8583366,Milrinone,818
120749746,,17172312,Mipomersen,821
128259280,,10885584,Mirtazapine,823
182370506,,1598025,Mitonafide,824
189115058,,8402672,Mitoxantrone,825
120861639,,7826789,Mivacurium (cis/cis),826
134373082,,15169739,Mivacurium (cis/cis),826
137824588,,9408856,Mizolastine,827
100054011,,3665338,Moclobemide,828
188190083,,6538424,Moclobemide,828
100054689,,1988238,Moclobemide,828
82765578,,2312783,Moclobemide,828
184363286,,2685852,Moclobemide,828
135615931,,3838399,Molsidomine,830
143460584,,9429741,Montelukast,832
141241829,,8692739,Montelukast,832
90238461,,22184458,Morinidazole,833
100771595,,6883911,Morphine,834
114616735,,13957,Morphine,834
131974767,,9663177,Morphine,834
131974767,,9663177,Morphine-6-Glucuronide,835
PMC3304375,PMC3304375,22615603,Morphine-6-Glucuronide,835
86916467,PMC284007,6252833,Moxalactam,836
87171809,PMC180405,3459390,Moxalactam,836
100831447,,1936074,Moxonidine,838
113366828,,18345638,Mycophenolic acid,839
133780546,,3366166,Nadolol,840
96832494,,6146679,Nadolol,840
112861007,,18392693,Nafamostat,841
81025484,,1531580,Nafarelin,842
127387286,,3156598,Nafarelin,842
82084014,,7174857,Nafcillin,843
109738461,PMC2397621,8016009,Naftopidil,844
86718151,PMC1386483,3358889,Nalbuphine,845
100772263,,2758732,Nalbuphine,845
137512390,PMC2042672,8877019,Nalmefene,846
100772017,,3943269,Nalmefene,846
131360151,,9024170,Nalmefene,846
84140653,,8852390,Nalmefene,846
122413000,,1267205,Naloxone,847
133781982,,6519154,Naloxone,847
187975979,,6114837,Naltrexone,848
122656404,,819644,Naltrexone,848
86059655,PMC1463512,6487459,Naproxen,850
140725177,,11868795,Napsagatran,851
91020031,,22170504,Napsagatran,851
180171846,,11259325,Nateglinide,853
180052476,,10868314,Nateglinide,853
108268077,PMC2675039,19523012,NBI-1,854
108268077,PMC2675039,19523012,NBI-2,855
108268077,PMC2675039,19523012,NBI-3,856
108268077,PMC2675039,19523012,NBI-4,857
137856592,PMC2042788,9205815,Nebivolol,858
123123772,,16912889,Nedaplatin,859
133660133,,2647312,Nedaplatin,859
86718137,PMC1386312,2825746,Nedocromil,860
189275047,,8825195,Nefazodone,861
139174848,,12657915,Nefopam,862
72256641,PMC4187916,25092690,Nemonoxacin,864
105984018,PMC2798534,19884368,Nemonoxacin,864
PMC2151269,PMC2151269,9459159,Nemorubicin,865
122224232,,7224209,Neostigmine,866
87557011,PMC429913,907325,Netilmicin,868
86916822,PMC180088,4004192,Netilmicin,868
143970521,,10701699,Nevirapine,870
135066627,,15307917,Nevirapine,870
100054028,,3677541,Nicainoprol,871
133896451,,2598970,Nicardipine,872
135272884,,2525322,Nicorandil,873
87657883,PMC1365027,8527268,Nifedipine,875
86843065,PMC1386353,3358895,Nifedipine,875
100053799,,3720176,Nifedipine,875
100771672,,6734025,Nifedipine,875
189277565,,8832305,Nimodipine,877
120057446,,7772426,Nimodipine,877
59400888,,27093880,Nintedanib,878
100772213,,3345623,Nisoldipine,879
133155950,,3402524,Nisoldipine,879
88343068,PMC1386327,3435690,Nitrendipine,881
86718218,PMC1379778,2713213,Nitrendipine,881
100771328,,7226713,Nitrofurantoin,882
133277262,,891592,Nitrofurantoin,882
100772248,,2897890,Nizatidine,884
143598009,,8646795,NK 611,885
141606875,,10426664,NK 611,885
134116441,,8359191,Nocloprost,886
100053931,,3956055,Nomifensine,887
138833348,,12412825,Nortilidine,889
100208981,,576367,Nortriptyline,890
133420482,,6493364,Nortriptyline,890
123207457,,7128665,Noscapine,891
57262381,,27402726,Odanacatib,893
127759449,,18370506,Ofloxacin,894
127009366,,12162760,Ofloxacin,894
140975297,,11592340,OGT719,895
134829008,,15265053,Olcegepant,896
122517980,,4067847,Oleandomycin,897
76995345,,24122908,Oliceridine,898
138832828,,11361048,Olmesartan,899
131388846,,3203708,Olsalazine,902
PMC5119026,PMC5119026,27736760,Omadacycline,903
PMC3931931,PMC3931931,24477603,Ombrabulin,905
121854321,,2315973,Omeprazole,906
115128971,,3858978,Omeprazole,906
100772631,,1531044,Ondansetron,907
62253668,,27001444,ONO-4232,908
116051604,,17888637,OR-1896,909
134403532,,15489122,OR-1896,909
111209866,,18635703,Org 28611,910
132944910,PMC538852,15616289,Oritavancin,911
106867851,,1253627,Ornidazole,912
133694890,,15539916,Ortataxel,913
128259271,,10628898,Oseltamivir acid,914
127782478,,16397282,Otamixaban,915
140985333,,11976830,Oxaliplatin,917
189056716,,8261411,Oxaliplatin,917
134026871,,3197746,Oxazepam,918
86842567,PMC1429863,6101958,Oxazepam,918
100170961,,6519128,Oxiracetam,919
88342913,PMC1463774,4005118,Oxprenolol,920
86842905,PMC1400877,2866783,Oxprenolol,920
133150787,,3234461,Oxybutynin,921
121297828,,17178634,Oxybutynin,921
121212481,,1485370,Oxycodone,922
121373924,,8249052,Oxycodone,922
126576723,,16500065,Oxymatrine,923
75836928,,24525563,Paeoniflorin,926
135256338,,15102873,Palonosetron,928
127742816,,15139789,Palonosetron,928
82765874,,9115053,Pamidronic acid (Pamidronate),929
142058640,,1730149,Pamidronic acid (Pamidronate),929
188825487,,7710444,Pancopride,930
120583139,,2849968,Pancuronium,931
188367065,,6849508,Pancuronium,931
83260664,,23377661,Panobinostat,933
124925036,,8405016,Pantoprazole,934
188160903,,649238,Papaverine,935
107601500,,3413033,Papaverine,935
126089629,,16534233,Paricalcitol,936
100209163,,6217723,Paroxetine,938
116714635,,17634546,Patupilone,939
84101413,,3458699,Pefloxacin,942
127009366,,12162760,Pefloxacin,942
138657432,,10761169,Peldesine,943
91475769,,2384116,Pelrinone,944
54271909,,7595747,Pemetrexed,945
128250750,,1336464,Penciclovir,946
106614897,,8059539,Penciclovir,946
63310818,,26444334,Penehyclidine,948
188363590,,6842492,"Penicillamine, D-",949
1369957,,16867835,"Penicillamine, D-",949
88092331,,23436262,Pentamidine,951
88468499,,23436263,Pentamidine,951
73743506,PMC4068519,24798280,Pentamidine,951
185481657,,3747643,Pentazocine,952
61455396,,4415010,Pentazocine,952
100771849,,4042529,Pentobarbital,953
133277136,,1233247,Pentobarbital,953
140855338,,12172976,Pentostatin,954
100771890,,3965236,Pentoxifylline,955
100054523,,2178853,Pentoxifylline,955
88092331,,23436262,Pentoxifylline,955
88468499,,23436263,Pentoxifylline,955
105608086,,2351367,Perindoprilat,958
129803302,,15982858,Perindoprilat,958
142055672,,6137223,Perphenazine,959
62972136,,26423795,Pevonedistat,960
70422313,PMC4508327,25652454,PF-05212384 ,961
93629777,,21992032,PF-4776548,962
133278145,,1233222,Phenacetin,963
133277262,,891592,Phenacetin,963
188905383,,7911365,Phenazepam,964
100053121,,7075111,Phencyclidine,965
86059859,PMC1463849,3924086,Phenethicillin,966
131711077,,7128675,Phenobarbital,967
133277262,,891592,Phenobarbital,967
120574571,,4027103,Phenoperidine,968
PMC3045896,PMC3045896,21291562,Phenoxodiol,969
86059859,PMC1463849,3924086,Phenoxymethylpenicillin,970
60955455,,1261151,Phenytoin,973
102767034,,7357788,Phenytoin,973
PMC3572390,PMC3572390,22864379,Phylloquinone,974
89283141,PMC1364982,7756100,Physostigmine,975
184207347,,2576358,Picumast,976
188883908,,7857343,Pidotimod,977
56578247,PMC5099557,27483391,Pimasertib,978
134544666,,7768258,Pimobendan,979
88342876,PMC1463795,3978025,Pinacidil,980
133156074,,6468476,Pinacidil,980
81740080,,893736,Pindolol,981
76405050,,24733513,Pinocembrin,982
189051916,,8250313,Pipecuronium,983
89307144,PMC429159,1147580,Pipemidic acid,984
87677347,PMC352565,742871,Piperacillin,985
85686080,,23122405,Piperphentonamine,986
133506646,,7781145,Pirarubicin,987
133276801,,2917593,Pirenzepine,988
185187885,,3449067,Piretanide,989
133137304,,7056276,Piretanide,989
110897823,,8908225,Piritramide,990
97472187,,7053896,Pirmenol,991
87408107,PMC1364959,7742160,Piroximone,992
180153934,,11205916,Pixantrone,994
105318517,,2553568,PK11195,995
94755693,PMC3232771,21911572,Plazomicin,996
98685771,,21138873,Plinabulin,997
112115989,,18483378,Plitidepsin,998
180343592,,11751484,PNU-145156E,999
60095378,,26883438,Ponesimod,1000
74652533,PMC4068540,24733463,Posaconazole,1001
98448216,PMC3122448,21502622,Posaconazole,1001
PMC3205073,PMC3205073,21982454,PR-104,1002
187971874,,6106457,Practolol,1003
99913463,,20739433,Pralatrexate (R),1004
99913463,,20739433,Pralatrexate (S),1005
84140648,,8932539,Pramlintide,1008
86713710,PMC1380090,2106337,Pravastatin ,1009
109621835,,2410686,Prazosin,1010
118632730,,3392889,Prazosin,1010
131710699,,7229914,Prednisolone,1011
128596721,,7119300,Prednisone,1012
122640116,,3593903,Prednisone,1012
123890279,,3955199,Prenalterol,1013
59452528,PMC5321045,27044938,Prexasertib,1014
187985197,,6134685,Prifinium bromide,1015
137485156,,10201668,Prilocaine,1016
88342898,PMC1463857,4027117,Primaquine,1017
87912595,,134293,Probenecid,1018
133156159,,3609117,Probenecid,1018
58088135,,6191939,Procainamide,1019
60955430,,237647,Procainamide,1019
86060122,PMC1386060,3828192,Prochlorperazine,1020
133855957,,3987788,Procyclidine,1021
122047079,,2611355,Promazine,1022
122047079,,2611355,Promethazine,1023
86061802,PMC1427776,6849764,Promethazine,1023
185743290,,4079594,Propafenone,1024
188285329,,6683556,Propafenone,1024
133896342,,2753068,Propafenone,1024
122643489,,1447713,Propafenone,1024
140509544,PMC2014409,11069438,Propionyl-L-carnitine,1025
111326223,,18626633,Propiverine,1026
96707877,,9231343,Propiverine,1026
137487785,,11753007,Propofol,1027
122141487,,3264120,Propofol,1027
122697222,,3261954,Propofol,1027
109687222,,8836272,Propofol,1027
133162385,,6489415,Propoxyphene,1028
82255030,,624774,Propoxyphene,1028
137856592,PMC2042788,9205815,Propranolol,1029
100731769,,4479714,Propylthiouracil,1030
81620094,,7334138,Propylthiouracil,1030
122784181,,6716240,Proquazone,1031
123904209,,7264886,Proquazone,1031
185720392,,4047067,Proxyphyllin,1032
37036923,PMC163478,8878586,Pseudohypericin,1034
189115057,,8402671,"Pyrazine, 2-diazohydroxide",1035
133762202,,7439266,Pyridostigmine,1036
12028549,PMC89934,10817730,Pyrimethamine,1037
184322043,,26555,Pyrimethamine,1037
141534726,,2281036,Pyrimethamine,1037
189623026,,9816216,Quercetin,1038
96832994,,9530994,Quercetin,1038
82265792,,8739020,Quinaprilat,1040
189477102,,940955,Quinidine,1041
88342769,PMC1428039,6626434,Quinine,1042
138657482,,11304897,Quinupristin,1043
160272849,,9511077,Quinupristin,1043
126506064,,15005638,Quinupristin,1043
87005112,PMC245524,1482134,R 82913,1044
97509664,,15704613,Rabeprazole,1045
109939337,,1551292,Raclopride,1046
PMC2062997,PMC2062997,9820178,Raltitrexed,1048
127009322,,11192475,Raltitrexed,1048
100052921,,6280919,Ranitidine,1050
86842678,PMC1427746,6125204,Ranitidine,1050
100053545,,6323087,Ranitidine,1050
143460586,,10086838,Reboxetine,1052
141010474,,11401003,Reboxetine,1052
135253916,,8447266,Recainam,1053
122047126,,2207297,Recainam,1053
117216253,,17585115,Regadenoson,1054
121692018,,7902032,Remifentanil,1055
100055021,,8491068,Remikiren,1056
88092331,,23436262,Remikiren,1056
88468499,,23436263,Remikiren,1056
90867281,,22190555,Remimazolam,1057
189148501,,8489555,Remoxipride,1058
189643790,,9877000,Repaglinide,1059
180060859,,10893694,Repaglinide,1059
127009710,,17523762,Repinotan,1060
72322805,,25024258,RGB-286638,1061
184428860,,2737800,Ribavirin,1062
36917042,PMC89499,10508023,Ribavirin,1062
188601299,,7241802,Ribostamycin,1063
117134755,,17620347,Ridogrel,1064
121212381,,6845401,Rifampin,1066
89723607,,22338014,Rigosertib,1067
136060231,,2894158,Rilmenidine,1068
138832996,,11504275,Rimiducid,1070
60772115,PMC4809663,27096084,Riociguat,1071
141610736,,11405286,Risedronic acid (Risedronate),1072
100772673,,7690693,Risperidone,1073
127202219,,7531854,Risperidone,1073
117134755,,17620347,Ritanserin,1074
83971303,,2732141,Ritipenem ,1075
133137315,,2776823,Ritipenem ,1075
120733195,,1856130,Ritipenem ,1075
81032910,,2309826,Ritodrine,1076
133780899,,4029253,Ritodrine,1076
170281135,,9737824,Rivastigmine,1078
127759337,,11929322,Rivastigmine,1078
179967334,,10611145,Rizatriptan,1079
140770902,PMC2014236,10233200,Rizatriptan,1079
127321378,,9872339,Rizatriptan,1079
143895415,,8991488,Rizatriptan,1079
133664680,,15545307,Ro 02-70608,1080
143718889,,9548904,Ro25-6833,1081
120236538,,8123396,Rocuronium,1082
97634898,,21176727,Roflumilast,1084
52810858,,28139838,Rolapitant,1085
134116304,,2328751,Rolipram,1086
103357895,,20027108,Rolofylline,1088
180391686,,11895901,Romidepsin,1089
189294028,,8886605,Ropivacaine,1091
54680984,,12610740,Ropivacaine,1091
180324872,,11673750,Ropivacaine,1091
119652952,,17197844,Ropivacaine,1091
143672056,,10760843,Roquinimex,1092
143970915,,11100907,Roquinimex,1092
87003791,PMC179957,6517543,Rosaramicin,1093
180049529,,10859151,Rosiglitazone,1094
142444138,,12182252,Rosiglitazone,1094
136558649,,14667956,Rosuvastatin,1095
143841809,,11747107,RSD921,1097
106739628,,1455905,S 12363,1099
132546411,,1487399,S 12363,1099
104581822,PMC2829695,20233196,S-0139,1100
117134755,,17620347,Sabeluzole,1101
82600012,,27121562,Safinamide,1102
64470526,,26830081,Salvianolic acid B,1103
135063515,,9895085,Sameridine,1104
137346843,PMC1873963,9578182,Saquinavir,1105
180141418,,11181499,Saquinavir,1105
45595573,,29145039,SAR 125844,1106
140334973,,12525514,SarCNU,1107
180459323,,12114416,Sardomozide,1108
86062332,PMC3575942,22823746,Saxagliptin,1110
87546939,PMC174657,3566242,Sch34343,1111
87546759,PMC176199,3845792,Sch34343,1111
141539700,,2762223,Scopolamine,1112
70445421,,25765839,Scutellarin,1113
100772797,,7995016,Selegiline,1116
126873898,,14871155,Selegiline,1116
82765833,,8852389,Sematilide,1117
188988226,,8104126,Sematilide,1117
138781315,,11804393,Semaxanib,1118
188899356,,7895600,Seraspenide,1119
103613715,PMC2831464,20068096,Silatecan,1121
174580376,,9845803,Sinitrodil,1124
131546131,,7334458,Sisomicin,1126
87182250,PMC429354,1103722,Sisomicin,1126
89307137,PMC429118,1137375,Sisomicin,1126
151768735,,11765143,Sitafloxacin,1127
89307087,PMC162504,7695301,Sitafloxacin,1127
86062732,,22826463,"Sitosterol, β-",1129
126873872,,12793841,SK-896,1130
102764118,PMC4979218,20479412,SNS-032,1131
109082848,PMC11158325,19068085,Soblidotin,1132
114357910,,18214483,Soblidotin,1132
126507821,,15293866,Solifenacin,1134
97509671,,15906588,Solifenacin,1134
133622675,,2373132,Sotalol,1135
84130233,,9549633,Sotalol,1135
82255100,,489770,Sotalol,1135
87653069,PMC1364559,8373714,Sotalol,1135
88831889,,8737123,Sparfloxacin,1136
188677327,,7371023,Sparfosic acid,1137
54356885,,3182451,Spiramycin,1139
90077018,,22215532,Spisulosine,1141
180677890,,12855619,Squalamine,1142
103212382,,19194116,SR 271425,1143
181920380,,14613987,SR 4554,1144
97137232,,1323615,Stavudine,1145
87547691,PMC162934,8619587,Stavudine,1145
134239976,,11560193,Streptomycin,1146
89307050,PMC444293,4790560,Streptomycin,1146
81896924,,23471413,Stresscopin,1147
122447307,,2522289,Sufentanil,1148
89276964,PMC1364782,7833228,Sufentanil,1148
188021413,,6214227,Sufentanil,1148
97545006,,21370235,Sugammadex,1149
120389342,,1506350,Sulbactam,1150
100053710,,2998677,Sulbactam,1150
89292098,PMC172685,2817847,Sulbactam,1150
179675930,,10082170,Sulbactam,1150
61705473,,1120400,Sulbenicillin,1151
22237524,PMC105408,9527780,Sulbenicillin,1151
179057622,,16867799,Sulfadiazine,1152
130776480,,15843491,Sulfadiazine,1152
87171698,PMC180029,6335381,Sulfamethoxazole,1153
179057622,,16867799,Sulfamethoxazole,1153
113366828,,18345638,Sulfasalazine,1154
63455389,,498704,Sulfinpyrazone,1155
133762082,,3987792,Sulfinpyrazone,1155
131350397,,7120046,Sulfisoxazole,1156
123890315,,2207291,Sulfisoxazole,1156
122518440,,1815069,Sulpiride,1158
137690342,,9408857,Sumatriptan,1159
185707431,,4026925,Suprofen,1160
82255327,,6630588,Suprofen,1160
82255492,,3005375,Suramin,1161
189324123,PMC1188798,8973053,Tacrine,1164
134910465,,7859802,Tacrine,1164
142954594,,11180035,Tacrolimus,1165
189346089,,9029671,Tacrolimus,1165
122640266,,8527689,Talinolol,1166
143223815,,9344174,Tamsulosin,1167
189509652,,9492387,Tamsulosin,1167
96302412,,21534941,Tanespimycin,1168
64470526,,26830081,Tanshinol,1169
83529866,,23357834,Tapentadol,1170
84873255,PMC3689924,23146816,Tariquidar,1171
183757733,,22593447,TAS-106,1172
126688778,,16278405,Tasidotin,1173
68291203,,25658956,Tasimelteon,1174
89752824,PMC3370713,22450972,Tazobactam,1176
141777791,,7667197,Tebufelone,1177
71847481,PMC4249404,25136024,Tedizolid,1178
134878886,,6305522,Tegafur,1179
140145907,PMC2014177,10336571,Tegaserod,1180
128259346,,12403641,Tegaserod,1180
182865582,,1840325,Teicoplanin A2-1,1181
182865582,,1840325,Teicoplanin A2-2,1182
182865582,,1840325,Teicoplanin A2-3,1183
182865582,,1840325,Teicoplanin A2-4,1184
182865582,,1840325,Teicoplanin A2-5,1185
127462941,PMC1366897,16436747,Telavancin,1186
132944911,PMC538848,15616296,Telavancin,1186
PMC3015066,PMC3015066,21221171,Telcagepant,1187
139527259,,12476037,Telithromycin,1188
180143841,,11185629,Telmisartan,1189
108400259,,4029011,Temocillin,1190
108049374,,4029016,Temocillin,1190
143363141,,9788568,Temozolomide,1192
136034726,,15136596,Temsirolimus,1193
86843142,PMC1364929,7547086,Tenidap,1194
95110105,,21630281,Tenifatecan,1195
185300089,,3581097,Teniposide,1196
159546199,,1518726,Teniposide,1196
37166902,PMC105837,9736567,Tenofovir,1197
141360708,,12462284,Tenofovir,1197
188077226,,6336292,Tenoxicam,1198
100093994,,11881981,Tenoxicam,1198
100771847,,4042526,Terazosin,1199
134784271,,2872802,Terazosin,1199
86060468,PMC1379704,2706188,Terbutaline,1200
188225241,,6586475,Terbutaline,1200
188578023,,7199922,Terbutaline,1200
183447830,,2086166,Terlipressin,1203
107601733,,8265519,Terodiline,1204
108972750,,7617541,Terodiline,1204
182192270,,15319332,Tesaglitazar,1205
100835560,,3770015,Testosterone,1206
100053197,,6309462,"Tetrahydrocannabinol, D9-",1208
114370461,,2565176,"Tetrahydrocannabinol, D9-",1208
118345841,,17410118,"Tetrahydrocannabinol,11-Nor-9-carboxy-D9-",1209
140260913,PMC1874269,11966665,Tezosentan,1210
135194672,,12745875,Tezosentan,1210
138780192,,10933131,Thalidomide,1212
140355196,,11599654,Thalidomide,1212
133387260,,3234473,Theophylline,1213
137952822,,12880287,Theophylline,1213
82255640,,2888791,Theophylline,1213
75268397,,24597465,Thiamphenicol glycinate,1214
189622545,,9815740,Thioguanine,1215
100052879,,7471621,Thionylan (Methapyrilene),1216
137345449,PMC2042768,9146846,Thiopental,1217
133277262,,891592,Thiopental,1217
52141529,,3134519,Thiotepa,1218
134465846,,3121202,Thiotepa,1218
105733324,,2341111,Tianeptine,1220
88338227,PMC1380055,2297464,Tianeptine,1220
188499794,,7061180,Tiapride,1221
122642963,,4067848,Tiaprofenic acid,1222
120961059,,1568787,Tiazofurin,1223
185531610,,3802111,Tiazofurin,1223
88092331,,23436262,Tiazofurin,1223
88468499,,23436263,Tiazofurin,1223
PMC4937635,PMC4937635,27536453,Ticagrelor,1224
95811222,,21727045,Ticagrelor,1224
60955425,,1122685,Ticarcillin,1225
132944912,PMC538906,15616299,Tigecycline,1226
124997676,,16790575,Tigecycline,1226
184257271,,2610722,Tilidine,1227
170612512,,8573422,Tiludronate,1228
135985704,,6125095,Timolol,1229
70493973,,6658382,Tinidazole,1230
126440841,,2379536,Tiopronin,1231
133730987,,8405034,Tiopronin,1231
122709632,,16988200,Tipifarnib,1233
189622316,,9815534,Tirapazamine,1234
133850290,,7781150,Tirapazamine,1234
189199825,,8627582,Tirilazad,1235
100772773,,7955799,Tirofiban,1236
128259328,,11929319,Tirofiban,1236
132197838,PMC1884447,14998432,Tizanidine,1237
82765778,,8163718,Toborinone,1239
112316060,,1869596,Tobramycin,1240
137345438,PMC2042682,8877023,Tobramycin,1240
89307050,PMC444293,4790560,Tobramycin,1240
60955475,,1269216,Tocainide,1241
88343001,PMC1400923,3082345,Tocainide,1241
188351419,,6815740,Tocainide,1241
81885736,,23494983,Tofogliflozin,1243
87646436,PMC1402620,786354,Tolamolol,1244
134011419,,1233266,Tolbutamide,1245
185661654,,3957494,Tolbutamide,1245
131556715,,9663179,Tolcapone,1246
133530963,,7238564,Tolfenamic acid,1247
188578421,,7200786,Toloxatone,1248
189421426,,9247842,Tolterodine,1249
131556744,,9630826,Tolterodine,1249
143417106,,10206324,Tolterodine,1249
121679120,PMC1694003,17043123,Tomopenem,1251
120228905,PMC1797684,17074792,Tomopenem,1251
99576530,,20926751,Tonapofylline,1252
83497386,,23506041,Topiramate,1253
136317905,,15090738,Topixantrone,1254
PMC2074523,PMC2074523,8630291,Topotecan,1255
133131466,,7805183,Topotecan,1255
128508978,,15475463,Topotecan,1255
133365523,,2076715,Torsemide,1256
127759242,,9474471,Torsemide,1256
102710215,PMC3050703,20386909,Tozasertib,1258
177353569,,15701855,Trabectedin,1259
108124696,,19149499,Trabectedin,1259
189614379,,9793614,Tramadol,1260
74247439,PMC4243903,24606567,Trametinib,1261
185702147,,4018929,Tranexamic acid,1263
122245918,,16984212,Traxoprodil,1264
108972588,,1438031,Trazodone,1265
68946627,,25527118,Treosulfan,1266
136714931,,14681345,Treprostinil,1267
138657566,,10392324,Triamcinolone Acetonide,1268
142520031,,12379930,Triamcinolone Acetonide,1268
123207023,,6628507,Triamterene,1269
131966267,,7166735,Triamterene,1269
135919944,,15117978,Triapine,1270
182901024,,1860302,Triazolam,1271
100771723,,6147221,Triazolam,1271
109621835,,2410686,Trimazosin,1272
87171698,PMC180029,6335381,Trimethoprim,1273
179057622,,16867799,Trimethoprim,1273
100053527,,6697642,Trimipramine,1275
137856686,PMC2042859,9354307,Triptorelin,1276
140645577,PMC2014558,11736884,Tropisetron,1278
86713802,PMC1368455,1834145,Trospectomycin,1279
88092331,,23436262,Trospectomycin,1279
88468499,,23436263,Trospectomycin,1279
161385828,,9222074,Trovafloxacin,1281
120683212,,8737145,Trovafloxacin,1281
52651787,,11157029,Troxacitabine,1282
34616527,,665974,Tubocurarine,1283
114306914,,18199894,TZP 101,1284
107389198,,19432500,TZP 101,1284
136037532,,12746109,"UK-240,455",1285
97931000,,21169069,Ursolic acid,1288
58407488,PMC5038296,27527080,Vaborbactam,1289
88342762,PMC1427943,6411107,Valproic Acid,1292
122515203,,8218957,Valproic Acid,1292
86842475,PMC1429355,350249,Valproic Acid,1292
143702423,,9174680,Valsartan,1293
82765887,,9089423,Valsartan,1293
84140699,,9055138,Valspodar,1294
140260879,PMC1873350,9491834,Valspodar,1294
87171977,PMC172294,3415206,Vancomycin,1295
86916751,PMC185546,6732213,Vancomycin,1295
100771763,,6499360,Vancomycin,1295
135062977,,7486041,Vecuronium Bromide,1297
184548727,,2869722,Vecuronium Bromide,1297
PMC3910343,PMC3910343,24235081,Velcalcetide,1298
82265825,,9549664,Venlafaxine,1299
189097641,,8355215,Verapamil,1300
82765616,,2045528,Verapamil,1300
86842812,PMC1463390,6721991,Verapamil,1300
133403473,,7202473,Verapamil,1300
128791797,,1451725,Verlukast,1301
122515231,,7981429,Verlukast,1301
96594576,,21457140,Vernakalant,1302
PMC4467239,PMC4467239,26097793,Vestipitant,1305
116351560,,17713976,Vildagliptin,1308
135041336,,3097715,Viloxazine,1309
188356249,,6825110,Vinblastine,1310
137952822,,12880287,Vinblastine,1310
188613155,,7260915,Vincristine,1311
185666787,,3965152,Vindesine,1312
179336625,,9135505,Vinorelbine,1313
128598859,,16111453,Vinorelbine,1313
187775356,,582791,Vinpocetine,1314
87158010,PMC1364860,7981015,Vinpocetine,1314
100170970,,4029218,Viqualine,1315
92774841,,22119200,Volasertib,1317
137561804,PMC1884316,14616407,Voriconazole,1319
138954285,,12756205,Voriconazole,1319
88882554,,22448783,Vortioxetine,1321
52195099,,28138829,Vosaroxin,1322
187028380,,480183,Warfarin,1323
122430509,,17027349,WCK771,1324
131388838,,2904884,Xamoterol,1325
PMC4186400,PMC4186400,25505576,XG-102,1326
112425250,PMC4905709,18425419,XK469R,1327
121507994,,17103044,XK469R,1327
140584978,,12525511,XR5000,1328
96332725,,8201529,XR5000,1328
188357041,,6827177,Xylose_D,1329
82084123,,2502563,Y 20811,1330
110357006,PMC4879696,18824702,YM155,1332
7534625,,10494000,Yohimbine,1333
82084076,,2852679,Zalcitabine,1334
143480824,,10211871,Zaleplon,1335
PMC3326684,PMC3326684,22491421,Zalypsis,1336
127759258,,10429835,Zanamivir,1337
122643499,,8429501,Zatebradine,1338
139909757,,12172511,ZD-9331,1339
81890780,,8786245,Zidovudine,1341
184934071,,3165603,Zidovudine,1341
133771893,,6455297,Zimelidine,1342
100053105,,6460587,Zimelidine,1342
129156160,,15901743,Ziprasidone,1343
140509523,PMC2015058,10771451,Ziprasidone,1343
10878522,PMC90393,11181380,Ziracin,1344
18988534,PMC90233,11120938,Ziracin,1344
139892944,,12616668,Zoledronic Acid,1345
140395888,PMC1873688,9833595,Zolmitriptan,1346
48067172,,9399013,Zolmitriptan,1346
128436253,,16019957,Zonampanel,1348
104003108,,20040581,Zoniporide,1349
102348245,,20444863,Zoniporide,1349
112281523,,6669634,Zopiclone,1350
143766548,,9951403,Zopiclone,1350
99112931,,20828803,Zoptarelin doxorubicin,1351
127009722,,17532692,Zotarolimus,1352
